Id,Name,Created at,Updated at,Client,Info page url,Tourist map,Id [Scenes],Name [Scenes],Created at [Scenes],Updated at [Scenes],Thumbnail [Scenes],Sort number [Scenes],Activity [Scenes],Game reset [Scenes],Visibility [Scenes],Actions [Scenes],Credentials [Scenes],Sc enabled [Scenes],Room name [Scenes],Game [Scenes]
2,皇后街,2021年01月04日 17:09,2021年01月04日 17:09, - , - ,,"117,1583,1883","西門町智慧城市@皇后街(6號出口),西門聖誕節🎄@皇后街,智慧城市demo","2021年02月05日 09:58,2021年11月16日 05:06,2022年03月14日 22:59","2021年11月30日 13:17,2023年11月28日 09:38,2022年08月15日 18:10","https://api.lig.com.tw/ar_asset/neqokz1z8vg3k96d252kgi6bx7gg.png,https://api.lig.com.tw/ar_asset/xhgy8c2yrr4e2h1l7boqceae1xsl.jpg,https://api.lig.com.tw/ar_asset/iexqypbudsn8p61xzxlh3yrmatrz.png","4,1225,222"," - ,10, - ","false,false,false","1,1,1"," - , - , - "," - , - , - ","false,false,false"," - , - , - "," - , - , - "
3,西岸街,2021年01月04日 18:28,2021年01月04日 18:29, - , - ,,"38,1607","西門町智慧城市@西岸街(峨眉▶中華路),西門聖誕節🎄@西岸街","2021年01月04日 17:08,2021年11月26日 17:32","2021年11月30日 13:19,2023年11月28日 09:05","https://api.lig.com.tw/ar_asset/neqokz1z8vg3k96d252kgi6bx7gg.png,https://api.lig.com.tw/ar_asset/xhgy8c2yrr4e2h1l7boqceae1xsl.jpg","4,1225"," - ,10","false,false","1,1"," - , - "," - , - ","false,false"," - , - "," - , - "
4,東岸街,2021年01月04日 18:30,2021年11月30日 17:33, - , - ,,"39,1606","西門町智慧城市@東岸街(峨眉▶西寧南路),西門聖誕節🎄@東岸街","2021年01月04日 17:08,2021年11月26日 17:32","2021年11月30日 13:19,2023年11月28日 09:05","https://api.lig.com.tw/ar_asset/neqokz1z8vg3k96d252kgi6bx7gg.png,https://api.lig.com.tw/ar_asset/xhgy8c2yrr4e2h1l7boqceae1xsl.jpg","4,1225"," - ,10","false,false","1,1"," - , - "," - , - ","false,false"," - , - "," - , - "
5,中央廣場_後半,2021年01月04日 18:36,2021年01月21日 15:15, - , - ,,"115,1636","西門町智慧城市@中央廣場後段(漢中▶武昌),西門聖誕節🎄@中央廣場後段","2021年02月05日 09:49,2021年11月30日 14:47","2021年11月30日 13:19,2021年12月04日 19:48","https://api.lig.com.tw/ar_asset/neqokz1z8vg3k96d252kgi6bx7gg.png,https://api.lig.com.tw/ar_asset/xhgy8c2yrr4e2h1l7boqceae1xsl.jpg","4,1225"," - ,10","false,false","1,1"," - , - "," - , - ","false,false"," - , - "," - , - "
6,傑克遜街,2021年01月05日 14:43,2021年01月05日 14:43, - , - ,,"41,1608","西門町智慧城市@傑克遜街(武昌▶中華),西門聖誕節🎄@傑克遜街","2021年01月04日 17:08,2021年11月26日 17:34","2021年11月30日 13:19,2021年12月04日 19:47","https://api.lig.com.tw/ar_asset/neqokz1z8vg3k96d252kgi6bx7gg.png,https://api.lig.com.tw/ar_asset/xhgy8c2yrr4e2h1l7boqceae1xsl.jpg","4,1225"," - ,10","false,false","1,1"," - , - "," - , - ","false,false"," - , - "," - , - "
7,百老匯街,2021年01月05日 14:46,2021年01月05日 14:46, - , - ,,"42,1609","西門町智慧城市@百老匯街(武昌▶西寧南),西門聖誕節🎄@百老匯街","2021年01月04日 17:08,2021年11月26日 17:35","2021年11月30日 13:19,2021年12月04日 08:14","https://api.lig.com.tw/ar_asset/neqokz1z8vg3k96d252kgi6bx7gg.png,https://api.lig.com.tw/ar_asset/xhgy8c2yrr4e2h1l7boqceae1xsl.jpg","4,1225"," - ,10","false,false","1,1"," - , - "," - , - ","false,false"," - , - "," - , - "
8,哈林街,2021年01月05日 15:08,2021年01月05日 15:08, - , - ,,"72,1036","西門町智慧城市@哈林街(漢中▶漢口),西門大嘻哈@哈林街(漢中▶漢口)","2021年01月14日 16:06,2021年08月11日 04:48","2021年11月30日 13:19,2021年10月31日 13:00","https://api.lig.com.tw/ar_asset/neqokz1z8vg3k96d252kgi6bx7gg.png,https://api.lig.com.tw/ar_asset/dj109aquzejpuqkcfkv5r7prs8si.jpg","4,5"," - , - ","false,false","1,1"," - , - "," - , - ","false,false"," - , - "," - , - "
9,力暘花蓮辦公室,2021年01月18日 13:19,2021年01月19日 18:44, - , - ,,78,力暘花蓮辦公室,2021年01月18日 13:21,2021年09月10日 08:15, - ,0, - ,false,1, - , - ,false, - , - 
10,吉米區,2021年01月21日 15:06,2021年01月21日 15:06, - , - ,,26,西門街頭主場@西門靖,2020年12月30日 17:09,2021年11月10日 17:16,https://api.lig.com.tw/ar_asset/otaukjq9478j8qia056a6ovylqk3.png,0, - ,false,1, - , - ,false, - , - 
11,中央廣場_前半,2021年01月21日 15:15,2021年01月21日 15:15, - , - ,,"116,1637,1665","西門町智慧城市@中央廣場前(漢中▶峨眉),西門聖誕節🎄@中央廣場前段,諸葛四郎_uniqlo","2021年02月05日 09:52,2021年11月30日 14:47,2021年12月20日 17:32","2021年11月30日 13:18,2023年11月28日 09:05,2022年08月17日 17:37","https://api.lig.com.tw/ar_asset/neqokz1z8vg3k96d252kgi6bx7gg.png,https://api.lig.com.tw/ar_asset/xhgy8c2yrr4e2h1l7boqceae1xsl.jpg,https://api.lig.com.tw/ar_asset/aq7558vhtyllg5m81coh220radz1.png","4,1225,1226"," - ,10, - ","false,false,false","1,1,1"," - , - , - "," - , - , - ","false,false,false"," - , - , - "," - , - , - "
32,光時代辦公室測試用366,2021年03月17日 19:00,2023年08月17日 10:15,1,https://tw.yahoo.com/,/rails/active_storage/blobs/redirect/eyJfcmFpbHMiOnsibWVzc2FnZSI6IkJBaHBBbmMwIiwiZXhwIjpudWxsLCJwdXIiOiJibG9iX2lkIn19--9046a8485930626b5d7131c4a66254dfc7ea1d27/%E8%8C%82%E6%9E%97%E5%B0%8F%E5%9C%B0%E5%9C%96-02.png,"2625,2630,2634,2657,2659,2671,2647,2729,2748,2749,2393,2807,2834,2838,2850,1026,2912,2915,2897,2988,2998,3013,3044,3045,3046,3047,3048,3049,3050,2916,3068,3070,3403,3445","智慧城市展_showroom,打殭屍測試,燈籠解謎測試,oooo,player sdk test game,steven會議室Demo,智慧城市高雄展,demo場景,銘傳AR海底遊樂園1F,銘傳AR海底遊樂園4F,RC_Test_動畫特效,粽邪第五關解謎,大稻埕(niho)紅包雨-1個,大稻埕-貨櫃碼頭,niho-bug,08-中央廣場前段_藝廊,自定義動作串,秉薪蘭園,豬排,拼圖遊戲測試-B拼圖,場景：點擊物件顯示徽章,RC_星竹東,小童冒險家,青壯年探索者,資深回憶者,小公主夢想家,都市時尚達人,優雅藝術愛好者,Default-海底世界,物件：儀表板,RC_綠能竹東_萬聖節_01火車站,RC_綠能竹東_萬聖節_03鎮公所,聚樂邦雨神同行demo2.0,river 暫存場景","2023年03月17日 11:38,2023年03月24日 16:14,2023年03月25日 13:58,2023年04月11日 10:30,2023年04月12日 11:09,2023年04月17日 17:50,2023年03月29日 07:12,2023年05月10日 17:08,2023年05月24日 17:22,2023年05月25日 10:56,2022年11月30日 14:50,2023年06月29日 09:55,2023年07月24日 11:23,2023年07月25日 15:08,2023年08月01日 14:13,2021年04月13日 18:14,2023年09月05日 20:26,2023年09月06日 11:30,2023年08月29日 10:27,2023年09月22日 18:38,2023年09月25日 14:33,2023年09月27日 17:00,2023年10月12日 07:55,2023年10月12日 07:55,2023年10月12日 07:55,2023年10月12日 07:55,2023年10月12日 07:56,2023年10月12日 07:56,2023年10月12日 09:25,2023年09月06日 15:15,2023年10月18日 13:27,2023年10月18日 13:28,2024年02月01日 10:44,2024年03月12日 14:00","2023年04月19日 17:05,2023年03月24日 16:14,2023年03月27日 15:39,2023年04月11日 10:30,2023年04月12日 11:09,2023年04月17日 18:11,2024年04月22日 11:49,2023年05月10日 17:08,2023年05月25日 10:48,2023年05月25日 10:56,2022年11月30日 14:50,2023年07月12日 11:54,2023年07月24日 11:23,2024年03月19日 09:13,2023年08月01日 15:00,2022年08月17日 17:37,2023年09月05日 20:45,2023年10月20日 14:13,2023年09月26日 10:20,2023年09月22日 18:38,2023年09月26日 16:35,2023年10月28日 08:59,2023年10月12日 07:55,2023年11月30日 17:48,2023年10月12日 07:55,2023年10月12日 07:57,2023年11月30日 17:48,2023年10月12日 07:57,2023年10月12日 09:28,2023年10月13日 18:26,2023年10月20日 19:16,2023年12月14日 15:39,2024年02月01日 10:44,2024年03月12日 14:00"," - , - , - , - , - , - ,https://api.lig.com.tw/ar_asset/bsot9eg1qxe5e862a2l2dtdxdt67.jpg, - ,https://api.lig.com.tw/ar_asset/bevgdlk87pkon4tb23rg25papknp.jpg,https://api.lig.com.tw/ar_asset/bevgdlk87pkon4tb23rg25papknp.jpg, - , - , - ,https://assets.lig.com.tw/ar_asset/nor4ah40ksojojj5glgbc3c0nqd9.png, - ,https://api.lig.com.tw/upload/grid/6076c851e694aa02b12b3609.png	 , - , - , - , - , - ,https://assets.lig.com.tw/ar_asset/pbeslj79u8psnl5qmus84cepg6y4.jpg, - , - , - , - , - , - ,https://api.lig.com.tw/ar_asset/ftsp9q11qkfck0kwt591l2p2pphx.jpg, - , - , - , - , - ","0,0,0,0,0,0,0,0,0,0,0,100,0,0,0,3,0,0,0,0,0,0,0,0,0,0,0,0,0,0,0,0,0,0"," - , - , - , - , - , - , - , - , - , - , - , - , - , - , - , - , - , - , - , - , - , - , - , - , - , - , - , - , - , - , - , - , - , - ","false,false,false,false,false,false,false,false,false,false,false,false,false,true,false,false,false,false,false,false,false,false,false,false,false,false,false,false,false,false,false,false,false,false","1,1,1,1,1,1,1,1,1,1,1,1,1,1,1,1,1,1,1,1,1,1,1,1,1,1,1,1,1,1,1,1,1,1"," - , - , - , - , - , - , - , - , - , - , - , - , - , - , - , - ,---
examples:
- id: 13
  values:
    group:
    delay_time: 0.0
    obj_id: 31502
    play_count:
    time: 10.0
    direction_x: 0.0
    direction_y: 360.0
    direction_z: 0.0
, - , - , - ,---
Excellent:
- id: 9
  values:
    group: 1
    delay_time: 0.0
    obj_id: 33938
    play_count:
- id: 9
  values:
    group: 1
    delay_time: 0.0
    obj_id: 33937
    play_count:
- id: 7
  values:
    group: 2
    delay_time: 0.0
    obj_id: 33936
    play_count:
- id: 15
  values:
    group: 3
    delay_time: 1.0
    obj_id: 33936
    time: 0.5
    scale: 1.2
- id: 15
  values:
    group: 4
    delay_time: 1.0
    obj_id: 33936
    time: 0.5
    scale: 0.83333
Perfect:
- id: 9
  values:
    group: 1
    delay_time: 0.0
    obj_id: 33938
    play_count:
- id: 9
  values:
    group: 1
    delay_time: 0.0
    obj_id: 33936
    play_count:
- id: 7
  values:
    group: 2
    delay_time: 0.0
    obj_id: 33937
    play_count:
- id: 15
  values:
    group: 3
    delay_time: 1.0
    obj_id: 33937
    time: 0.5
    scale: 1.2
- id: 15
  values:
    group: 4
    delay_time: 1.0
    obj_id: 33937
    time: 0.5
    scale: 0.83333
GoodJob:
- id: 9
  values:
    group: 1
    delay_time: 0.0
    obj_id: 33936
    play_count:
- id: 9
  values:
    group: 1
    delay_time: 0.0
    obj_id: 33937
    play_count:
- id: 7
  values:
    group: 2
    delay_time: 0.0
    obj_id: 33938
    play_count:
- id: 15
  values:
    group: 3
    delay_time: 1.0
    obj_id: 33938
    time: 0.5
    scale: 1.2
- id: 15
  values:
    group: 4
    delay_time: 1.0
    obj_id: 33938
    time: 0.5
    scale: 0.83333
, - , - , - , - , - , - , - , - , - , - , - , - , - "," - , - , - , - , - , - , - , - , - , - , - , - , - , - , - , - , - , - , - , - , - , - , - , - , - , - , - , - , - ,---
main:
  type: basic
  id: bingsin_admin
  pwd: 25d55ad283aa400af464c76d713c07ad
  url: https://www.nksdata.tw/arapi/api.asmx/userLogin
  additionals:
    token: eyJhbGciOiJIUzI1NiIsInR5cCI6IkpXVCJ9
, - , - , - , - ","false,false,false,false,false,false,false,false,false,false,false,false,false,false,false,false,false,false,false,false,false,false,false,false,false,false,false,false,false,false,false,false,false,false"," - , - , - , - , - , - , - , - , - , - , - , - , - , - , - , - , - , - , - , - , - , - , - , - , - , - , - , - , - , - , - , - , - , - "," - , - , - , - , - , - , - , - , - , - , - , - , - , - , - , - , - , - , - , - , - , - , - , - , - , - , - , - , - , - , - , - , - , - "
36,公版測試凱棋,2021年05月31日 09:39,2021年05月31日 09:39, - , - ,,95,凱棋場景之貓貓暴走,2021年01月27日 09:49,2021年02月24日 18:00, - ,0, - ,false,1, - , - ,false, - , - 
37,Holopark Scene,2021年08月14日 14:28,2021年08月16日 01:14, - , - ,,1189,HoloParkScene,2021年08月14日 14:04,2022年12月05日 16:29,https://api.lig.com.tw/ar_asset/yjzn6q8n1if1hw8bpmbaojtcdehw.png,0, - ,false,1, - , - ,false, - , - 
39,HoloPark室內區,2021年08月31日 19:27,2021年08月31日 19:27, - , - ,,1103,Holopark室內區,2021年06月01日 11:48,2022年08月17日 17:37, - ,0, - ,false,1, - , - ,false, - , - 
40,智慧燈桿-重慶路館前東路南側,2021年09月03日 12:43,2021年09月03日 12:43, - , - ,,1284,智慧燈桿-重慶路管前東路南側-181,2021年09月02日 20:47,2021年10月21日 07:55, - ,0, - ,false,1, - , - ,false, - , - 
41,智慧燈桿-重慶路館前東路北側,2021年09月03日 12:44,2021年09月03日 12:44, - , - ,,1285,智慧燈桿-重慶路管前東路北側-666,2021年09月02日 21:01,2021年10月21日 07:55, - ,0, - ,false,1, - , - ,false, - , - 
43,智慧燈桿-重慶路中山路一段北側,2021年09月03日 12:44,2021年09月03日 12:44, - , - ,,1286,智慧燈桿-重慶路中山路一段北側-322,2021年09月02日 21:07,2021年10月21日 07:55, - ,0, - ,false,1, - , - ,false, - , - 
44,智慧燈桿-重慶路中山路一段南側,2021年09月03日 12:44,2021年09月03日 12:44, - , - ,,1287,智慧燈桿-重慶路中山路一段南側-297,2021年09月02日 21:10,2021年10月21日 07:55, - ,0, - ,false,1, - , - ,false, - , - 
46,金獅樓街,2021年09月12日 06:34,2021年09月12日 06:34, - , - ,,"1569,1632","西門光宇宙@金獅樓(武昌▶昆明),西門聖誕節🎄@金獅樓街","2021年11月05日 17:57,2021年11月29日 14:15","2022年08月17日 17:37,2021年12月04日 19:49","https://api.lig.com.tw/ar_asset/neqokz1z8vg3k96d252kgi6bx7gg.png,https://api.lig.com.tw/ar_asset/xhgy8c2yrr4e2h1l7boqceae1xsl.jpg","1,1225"," - , - ","false,false","1,1"," - , - "," - , - ","false,false"," - , - "," - , - "
47,電影街_後半段,2021年09月12日 07:00,2021年09月12日 07:00, - , - ,,"1522,1566,1576","西門大嘻哈@電影街後段(武昌▶康定),	後街塔酷祭@電影街後段,西門光宇宙@電影街後段(武昌▶康定)","2021年10月11日 16:00,2021年10月30日 08:04,2021年11月10日 17:59","2021年10月31日 13:17,2021年11月11日 11:06,2022年08月17日 17:37","https://api.lig.com.tw/ar_asset/dj109aquzejpuqkcfkv5r7prs8si.jpg,https://api.lig.com.tw/ar_asset/cki9iw8ufpecsba4096yd1f4xbyl.png, - ","0,1,0"," - , - , - ","false,false,false","1,1,1"," - , - , - "," - , - , - ","false,false,false"," - , - , - "," - , - , - "
48,電影街_前半段,2021年09月12日 07:12,2021年09月12日 07:12, - , - ,,"1570,1610,1664"," 西門光宇宙@電影街前段(武昌▶康定),,西門聖誕節🎄@電影街,諸葛四郎_電影街前段","2021年11月09日 17:30,2021年11月26日 17:35,2021年12月20日 14:24","2022年08月17日 17:37,2021年12月04日 19:48,2022年08月17日 17:37","https://api.lig.com.tw/ar_asset/neqokz1z8vg3k96d252kgi6bx7gg.png,https://api.lig.com.tw/ar_asset/xhgy8c2yrr4e2h1l7boqceae1xsl.jpg,https://api.lig.com.tw/ar_asset/aq7558vhtyllg5m81coh220radz1.png","0,1225,1226"," - ,10, - ","false,false,false","1,1,1"," - , - , - "," - , - , - ","false,false,false"," - , - , - "," - , - , - "
50,內湖區康寧國小,2021年09月17日 07:35,2021年09月17日 07:35, - , - ,,1345,康寧國小校門口,2021年09月17日 00:32,2021年09月17日 12:16, - ,0, - ,false,1, - , - ,false, - , - 
51,西門國小,2021年09月17日 10:01,2021年09月17日 10:01, - , - ,,1508,新西門國小校門口,2021年09月30日 14:53,2022年06月06日 10:13, - ,0, - ,false,1, - , - ,false, - , - 
53,高雄亞灣新創園,2021年09月30日 17:31,2023年03月29日 12:09,1, - ,,1511,亞灣新創園,2021年09月30日 17:39,2024年03月26日 15:51,https://api.lig.com.tw/ar_asset/hls3lvues7xev5wn3oxohm69t4fj.png,0, - ,false,1, - , - ,false, - , - 
55,世界蘭展延伸推廣特展,2021年10月07日 10:04,2021年10月07日 10:04, - , - ,,,,,,,,,,,,,,,
56,demo-hy,2021年10月08日 06:59,2021年10月08日 06:59, - , - ,,1114,demo-hy,2021年06月13日 12:36,2021年10月08日 06:58, - ,0, - ,false,1, - , - ,false, - , - 
57,西門紅樓萬聖節,2021年10月11日 17:59,2021年10月11日 17:59, - , - ,,1528,西門町萬聖節@紅樓,2021年10月15日 10:27,2021年11月11日 11:07,https://api.lig.com.tw/ar_asset/9gg0xaawco1rla6cnxiewr9p99jv.png,10,1,false,1, - , - ,false, - , - 
59,Hank 辦公室 538,2021年10月15日 14:59,2023年04月18日 16:42,1, - ,,2741,粽邪第一關解謎,2023年05月18日 14:14,2023年08月01日 09:32, - ,0, - ,false,1, - , - ,false, - , - 
63,緯雄家,2021年10月29日 22:20,2021年10月29日 22:20, - , - ,,1843,超感空間安西府3D財虎迎虎年TEST,2022年01月14日 15:33,2022年03月02日 15:46, - ,0, - ,false,1, - , - ,false, - , - 
64,mike demo,2021年11月02日 13:23,2021年11月02日 13:23, - , - ,,"1511,1566,1534,1037,1030,2838,2884","亞灣新創園,	後街塔酷祭@電影街後段,西門町萬聖節@中央廣場後(漢中▶武昌),西門大嘻哈@電影街前段(武昌▶康定),西門大嘻哈@皇后街(6號出口),大稻埕-貨櫃碼頭,大稻埕-貨櫃碼頭_導覽員複製-plain","2021年09月30日 17:39,2021年10月30日 08:04,2021年10月20日 15:25,2021年09月23日 06:48,2021年08月11日 05:01,2023年07月25日 15:08,2023年08月18日 00:03","2024年03月26日 15:51,2021年11月11日 11:06,2021年11月01日 11:28,2021年10月31日 13:17,2022年04月29日 13:44,2024年03月19日 09:13,2023年08月18日 00:09","https://api.lig.com.tw/ar_asset/hls3lvues7xev5wn3oxohm69t4fj.png,https://api.lig.com.tw/ar_asset/cki9iw8ufpecsba4096yd1f4xbyl.png,https://api.lig.com.tw/ar_asset/9gg0xaawco1rla6cnxiewr9p99jv.png,https://api.lig.com.tw/ar_asset/dj109aquzejpuqkcfkv5r7prs8si.jpg,https://api.lig.com.tw/ar_asset/dj109aquzejpuqkcfkv5r7prs8si.jpg,https://assets.lig.com.tw/ar_asset/nor4ah40ksojojj5glgbc3c0nqd9.png, - ","0,1,9,5,5,0,0"," - , - ,1, - , - , - , - ","false,false,false,false,false,true,true","1,1,1,1,1,1,1"," - , - , - , - , - , - , - "," - , - , - , - , - , - , - ","false,false,false,false,false,false,false"," - , - , - , - , - , - , - "," - , - , - , - , - , - , - "
65,新西門圓環,2021年11月04日 10:24,2021年11月04日 10:24, - , - ,,,,,,,,,,,,,,,
70,實驗,2021年11月25日 00:12,2021年11月25日 00:12, - , - ,,,,,,,,,,,,,,,
73,hank辦公室 802,2021年11月28日 08:47,2021年12月10日 13:49, - , - ,,"1511,1583,1914,2157,2293","亞灣新創園,西門聖誕節🎄@皇后街,臺北市政府大廳AR導覽,永安海螺館,霹靂in光榮碼頭","2021年09月30日 17:39,2021年11月16日 05:06,2022年03月28日 17:35,2022年09月19日 15:18,2022年10月24日 09:47","2024年03月26日 15:51,2023年11月28日 09:38,2023年05月16日 09:44,2022年09月20日 15:05,2022年11月05日 11:38","https://api.lig.com.tw/ar_asset/hls3lvues7xev5wn3oxohm69t4fj.png,https://api.lig.com.tw/ar_asset/xhgy8c2yrr4e2h1l7boqceae1xsl.jpg,https://api.lig.com.tw/ar_asset/ftsp9q11qkfck0kwt591l2p2pphx.jpg, - , - ","0,1225,0,0,0"," - ,10, - , - , - ","false,false,false,false,false","1,1,1,1,1"," - , - , - , - , - "," - , - , - , - , - ","false,false,false,false,false"," - , - , - , - , - "," - , - , - , - , - "
74,新北歡樂耶誕城A1,2021年11月29日 15:46,2021年11月29日 15:46, - , - ,,1622,新北歡樂耶誕城-A1,2021年11月29日 11:56,2021年11月29日 11:56, - ,0, - ,false,1, - , - ,false, - , - 
75,新北市政府-3,2021年11月29日 15:47,2023年11月28日 17:24,1, - ,,3146,新北3_平溪&烏來,2023年11月10日 17:21,2024年01月23日 10:39, - ,0, - ,false,1, - , - ,false, - , - 
76,新北市政府-2,2021年11月29日 15:47,2023年11月28日 17:06,1, - ,,3151,新北2_石門&萬里,2023年11月13日 13:50,2024年01月23日 10:39, - ,0, - ,false,1, - , - ,false, - , - 
77,新北歡樂耶誕城A4,2021年11月29日 15:48,2023年11月17日 14:58,1, - ,,3144,新北1_瑞芳,2023年11月10日 14:02,2024年04月08日 11:57, - ,14, - ,false,1, - , - ,false, - , - 
78,新北市政府-6,2021年11月29日 15:48,2023年11月28日 16:46,1, - ,,3154,新北6_中和&新店,2023年11月13日 16:02,2023年11月13日 16:09, - ,0, - ,false,1, - , - ,false, - , - 
79,新北市政府-4,2021年11月29日 15:48,2023年11月28日 16:20,1, - ,,3152,新北4_淡水,2023年11月13日 14:18,2023年11月13日 14:18, - ,0, - ,false,1, - , - ,false, - , - 
80,新北歡樂耶誕城A7,2021年11月29日 15:49,2021年11月29日 15:49, - , - ,,1628,新北歡樂耶誕城-A7,2021年11月29日 12:00,2021年11月29日 12:00, - ,0, - ,false,1, - , - ,false, - , - 
81,新北歡樂耶誕城A8,2021年11月29日 15:49,2021年11月29日 15:49, - , - ,,1629,新北歡樂耶誕城-A8,2021年11月29日 12:01,2021年11月29日 12:01, - ,0, - ,false,1, - , - ,false, - , - 
82,板橋-府中-3,2021年11月29日 15:49,2023年11月28日 15:18,1, - ,,3189,新北0_板橋-3,2023年11月28日 13:50,2023年11月28日 13:51, - ,0, - ,false,1, - , - ,false, - , - 
83,板橋-府中-4,2021年11月29日 15:50,2023年11月28日 15:34,1, - ,,3190,新北0_板橋-4,2023年11月28日 13:52,2023年11月28日 13:52, - ,0, - ,false,1, - , - ,false, - , - 
86,光時代辦公室733 (小會議室前上方),2021年12月02日 15:50,2023年12月11日 17:00,1,https://cloud.lig.com.tw/messages/113,/rails/active_storage/blobs/redirect/eyJfcmFpbHMiOnsibWVzc2FnZSI6IkJBaHBBczQxIiwiZXhwIjpudWxsLCJwdXIiOiJibG9iX2lkIn19--b887ae0dd2e81dba4336f1c2b9627189ae5f9859/%E9%AB%94%E9%A9%97%E8%AA%AA%E6%98%8E_%E8%97%8F%E5%AF%B6%E5%9C%96.png,"3178,2026,3155,3374,3404,1822,3408,3410,3412,3413,3414,3425,3075,3446,3447,3457,3456,3451,3460,3462,2173,3463,1511,3466,3467,3144,3468,2179,3475,2374,2823,2984,2932,3485,2646,2647,3488,3483,3484,2574,2575,2576,1953,3492,3495,3490,3497,2985,3496","遊樂園天燈demo,Swatch,電腦教室XR巡禮,摩天輪射擊遊戲Demo,遊戲獎勵:Niho,0.0.0,att_v2,變形的模型的測試,動作：呼叫 AI 客服,場景(A) 動作：切換場景,場景(B) 動作：切換場景 (SC_Enabled: true),物件：資訊球 2.0,物件：影片串流,場景：同步模組,雨神同行正式,雨神同行正式2,智慧城市展測試,雨神同行面板測試B,直播間-測試,AI客服_Sunny測試,屬性：position,場景：unity - sdk - testing,亞灣新創園,聚樂邦-雨神同行-問題1-測試場景,聚樂邦-雨神同行-問題2-測試場景,新北1_瑞芳,呼叫 AI 客服的拉,屬性：雙面顯示,苑里-休息區,高雄市經發局,[複製]高雄市經發局,苗栗車站,星星隊：第三關影音區,2024台北智慧城市展-複製,智慧城市展_1,智慧城市高雄展,旅展場景,茂林直播間-Demo,茂林直播間-Demo2,新威旅客中心,新威旅客中心-1F,新威旅客中心-2F,360video,360 影片物件,直播間-測試2,RC_父親節,電腦教室發現校園ABC,Steven豬,場景：直播間","2023年11月17日 10:06,2022年07月06日 12:22,2023年11月14日 07:59,2024年01月19日 09:43,2024年02月05日 14:43,2022年01月13日 15:24,2024年02月16日 09:56,2024年02月16日 17:53,2024年02月19日 11:41,2024年02月20日 17:48,2024年02月20日 18:01,2024年03月05日 16:18,2023年10月23日 20:18,2024年03月13日 18:04,2024年03月14日 10:58,2024年03月20日 14:49,2024年03月20日 12:15,2024年03月15日 14:21,2024年03月21日 14:41,2024年03月22日 16:17,2022年09月28日 10:15,2024年03月25日 15:18,2021年09月30日 17:39,2024年03月27日 11:53,2024年03月27日 11:54,2023年11月10日 14:02,2024年03月29日 17:53,2022年09月28日 10:26,2024年04月11日 13:24,2022年11月23日 09:05,2023年07月14日 00:23,2023年09月22日 11:41,2023年09月13日 12:16,2024年04月26日 16:23,2023年03月28日 18:37,2023年03月29日 07:12,2024年04月26日 18:20,2024年04月24日 15:09,2024年04月26日 11:05,2023年02月20日 15:08,2023年02月20日 15:12,2023年02月20日 15:13,2022年04月30日 19:17,2024年05月09日 14:24,2024年05月15日 13:52,2024年05月08日 18:33,2024年05月16日 14:32,2023年09月22日 14:36,2024年05月15日 23:15","2023年11月17日 10:07,2022年07月06日 12:22,2024年01月17日 10:29,2024年01月19日 09:44,2024年02月05日 14:43,2023年08月15日 15:09,2024年02月16日 10:12,2024年02月16日 18:00,2024年02月19日 11:41,2024年03月25日 16:34,2024年04月16日 14:53,2024年03月27日 11:46,2023年10月23日 20:18,2024年03月13日 18:05,2024年03月20日 14:50,2024年03月20日 14:49,2024年03月20日 17:21,2024年03月15日 14:55,2024年03月25日 16:29,2024年03月22日 16:17,2022年09月28日 10:15,2024年03月26日 10:59,2024年03月26日 15:51,2024年03月27日 11:53,2024年03月27日 11:54,2024年04月08日 11:57,2024年04月03日 15:37,2022年09月28日 10:26,2024年04月11日 13:25,2023年12月29日 09:32,2023年07月14日 00:31,2023年10月06日 14:38,2024年04月08日 11:56,2024年04月26日 16:24,2023年03月28日 18:37,2024年04月22日 11:49,2024年05月28日 18:18,2024年04月25日 09:55,2024年04月26日 11:07,2024年04月10日 10:44,2023年12月21日 09:52,2023年03月13日 09:14,2022年04月30日 19:17,2024年05月09日 14:24,2024年05月15日 13:52,2024年05月14日 14:06,2024年05月16日 14:32,2023年12月15日 14:40,2024年05月24日 11:14"," - , - , - , - , - , - , - , - , - , - , - , - , - , - , - , - , - , - , - , - , - , - ,https://api.lig.com.tw/ar_asset/hls3lvues7xev5wn3oxohm69t4fj.png, - , - , - , - , - , - ,https://api.lig.com.tw/ar_asset/2nc7k3w6b96d44ml6kykoz6rszw0.jpeg,https://api.lig.com.tw/ar_asset/2nc7k3w6b96d44ml6kykoz6rszw0.jpeg,https://api.lig.com.tw/ar_asset/ftsp9q11qkfck0kwt591l2p2pphx.jpg,https://api.lig.com.tw/ar_asset/ed1z2ztg2at6cjlsjf60uej7orje.png	,https://assets.lig.com.tw/ar_asset/3h1roochtpbivhcw0f0tyzkcmy78.jpeg, - ,https://api.lig.com.tw/ar_asset/bsot9eg1qxe5e862a2l2dtdxdt67.jpg, - , - , - , - , - , - , - , - , - , - , - , - , - ","0,0,0,0,0,0,0,0,0,0,0,0,0,0,0,0,0,0,0,1,0,0,0,0,0,14,0,0,0,0,0,1,23,0,0,0,0,0,0,0,0,0,0,0,0,0,0,0,0"," - , - , - , - , - , - , - , - , - , - , - , - , - , - , - , - , - , - , - , - , - , - , - , - , - , - , - , - , - , - , - , - , - , - , - , - , - , - , - , - , - , - , - , - , - , - , - , - , - ","false,false,false,false,false,false,false,false,false,false,false,false,false,false,false,false,false,false,false,false,false,false,false,false,false,false,false,false,false,false,false,false,false,false,false,false,false,false,false,false,false,false,false,false,false,false,false,false,false","1,1,1,1,1,1,1,1,1,1,1,1,1,1,1,1,1,1,1,1,1,1,1,1,1,1,1,1,1,1,1,1,1,1,1,1,1,1,1,1,1,1,1,1,1,1,1,1,1"," - , - , - , - , - , - , - , - , - , - , - , - , - , - , - , - , - , - , - , - , - , - , - , - , - , - , - , - , - , - , - , - ,---
Excellent:
- id: 7
  values:
    group: 1
    delay_time: 0.0
    obj_id: 32274
    play_count:
Perfect:
- id: 7
  values:
    group: 1
    delay_time: 0.0
    obj_id: 34238
    play_count:
GoodJob:
- id: 7
  values:
    group: 1
    delay_time: 0.0
    obj_id: 34239
    play_count:
, - , - , - , - , - , - , - , - , - , - , - , - , - , - , - , - "," - , - , - , - , - , - , - , - , - , - , - , - , - , - , - , - , - , - , - , - , - , - , - , - , - , - , - , - , - , - , - , - , - , - , - , - , - , - , - , - , - , - , - , - , - , - , - , - , - ","false,false,false,false,false,false,false,false,false,true,true,false,false,true,false,false,false,false,true,false,false,false,false,false,false,false,false,false,false,false,false,false,false,false,false,false,false,true,true,false,false,false,false,false,true,false,false,false,true"," - , - , - , - , - , - , - , - , - ,場景-3413-場景(A)動作：切換場景,room_3414, - , - ,TEST_ROOM, - , - , - , - ,場景-3460-直播間-測試, - , - , - , - , - , - , - , - , - , - , - , - , - , - , - , - , - , - ,場景-3460-直播間-測試,場景-3460-直播間-測試, - , - , - , - , - ,場景-3460-直播間-測試, - , - , - ,場景-3496-直播間-測試"," - , - , - , - , - , - , - , - , - , - , - , - , - , - , - , - , - , - , - , - , - , - , - , - , - , - , - , - , - , - , - , - , - , - , - , - , - , - , - , - , - , - , - , - , - , - , - , - , - "
88,東三水街市場,2021年12月08日 10:54,2021年12月08日 10:54, - , - ,,1646,東三水街市場,2021年12月07日 13:03,2021年12月08日 10:06, - ,0, - ,false,1, - , - ,false, - , - 
89,天文館,2022年02月11日 15:55,2022年02月11日 15:55, - , - ,,"2093,2009","天文館,元宇宙 in 市政府","2022年08月23日 15:00,2022年06月24日 11:15","2022年11月21日 14:55,2022年12月27日 09:01","https://api.lig.com.tw/ar_asset/9lequz3r3fbl6j2dbnieefozrnnh.jpg,https://api.lig.com.tw/ar_asset/hocptv7t06r504pbio4iftykfz25.jpg","0,0"," - , - ","false,false","1,2"," - , - "," - , - ","false,false"," - , - "," - , - "
90,清水服務區,2022年02月11日 15:55,2022年02月11日 15:55, - , - ,,,,,,,,,,,,,,,
93,南湖圖書館,2022年02月11日 15:55,2022年02月11日 15:55, - , - ,,1670,南湖圖書館,2021年12月22日 23:12,2021年12月22日 23:12, - ,0, - ,false,1, - , - ,false, - , - 
94,光點藝術中心,2022年02月11日 15:56,2022年02月11日 15:56, - , - ,,1724,光點藝術中心,2021年12月28日 14:32,2022年08月17日 17:37, - ,0, - ,false,1, - , - ,false, - , - 
95,南湖6樓,2022年02月11日 15:56,2022年02月11日 15:56, - , - ,,1715,古亭,2021年12月28日 12:31,2022年04月08日 13:28, - ,0, - ,false,1, - , - ,false, - , - 
96,南湖門口A,2022年02月11日 15:56,2022年02月11日 15:56, - , - ,,1714,南湖高中智慧圖書館階梯教室,2021年12月28日 12:31,2022年01月12日 18:09, - ,0, - ,false,1, - , - ,false, - , - 
99,板橋-府中-2,2022年01月12日 13:57,2023年11月28日 15:01,1, - ,,3187,新北0_板橋-2,2023年11月28日 10:43,2023年11月28日 10:43, - ,0, - ,false,1, - , - ,false, - , - 
100,Eliot Test Coordinate Sys.,2022年01月27日 17:37,2022年01月27日 17:37,1, - ,,"2134,2016,2232","霹靂宇宙F.A.I.T.H in KH,RC_誠品站前店_聖誕節🎄,誠品站前店_萬聖節","2022年09月13日 17:30,2022年07月01日 10:30,2022年10月07日 10:35","2022年09月15日 21:10,2022年11月21日 15:33,2022年11月29日 17:32"," - ,https://api.lig.com.tw/ar_asset/xhgy8c2yrr4e2h1l7boqceae1xsl.jpg, - ","0,1,1"," - , - , - ","false,false,false","1,1,1"," - , - , - "," - , - , - ","false,false,false"," - , - , - "," - , - , - "
105,皇穹陵-星光大道,2022年02月21日 14:43,2024年03月06日 17:24,1, - ,,"2042,2789,3428,3430","星光大道,皇穹陵_豬哥亮,海底世界,恐龍世界","2022年07月22日 09:50,2023年06月15日 14:14,2024年03月06日 10:22,2024年03月06日 17:23","2024年03月05日 13:09,2023年06月27日 15:49,2024年03月06日 10:22,2024年03月07日 13:26"," - ,https://api.lig.com.tw/ar_asset/9x4ep2rv0hgf9nu5pdhoow3oecvq.png,https://api.lig.com.tw/ar_asset/ftsp9q11qkfck0kwt591l2p2pphx.jpg, - ","1,4,3,0","23, - ,24, - ","false,false,false,false","1,1,1,1"," - , - , - , - "," - , - , - , - ","false,false,false,false"," - , - , - , - "," - , - , - , - "
106,皇穹陵花園,2022年02月22日 17:19,2022年02月22日 17:19,1, - ,,1862,海底世界-複製確認,2022年02月21日 16:07,2024年03月06日 11:25,https://api.lig.com.tw/ar_asset/ftsp9q11qkfck0kwt591l2p2pphx.jpg,3,24,false,1, - , - ,false, - , - 
107,皇穹陵咖啡廳,2022年02月22日 17:20,2022年02月22日 17:20,1, - ,,1863,南投皇穹陵-咖啡廳,2022年02月21日 17:19,2022年03月09日 15:41, - ,0, - ,false,1, - , - ,false, - , - 
108,皇穹陵小老虎,2022年02月23日 12:37,2022年02月23日 12:37,1, - ,,1867,南投皇穹陵-小老虎,2022年02月23日 12:05,2022年02月23日 12:05, - ,0, - ,false,1, - , - ,false, - , - 
115,集點測試,2022年03月30日 14:08,2022年03月30日 14:08,1, - ,,1557,集點測試,2021年10月28日 18:01,2022年03月30日 17:46, - ,0, - ,false,1, - , - ,false, - , - 
116,臺北市政府大廳,2022年03月31日 14:24,2022年06月30日 15:01,1, - ,,2009,元宇宙 in 市政府,2022年06月24日 11:15,2022年12月27日 09:01,https://api.lig.com.tw/ar_asset/hocptv7t06r504pbio4iftykfz25.jpg,0, - ,false,2, - , - ,false, - , - 
118,擁恆-豬哥亮,2022年04月17日 12:58,2022年04月17日 12:58,1, - ,,1934,擁恆_豬哥亮,2022年04月12日 13:09,2024年04月08日 11:55,https://api.lig.com.tw/ar_asset/9x4ep2rv0hgf9nu5pdhoow3oecvq.png,4, - ,false,1, - , - ,false, - , - 
119,臺北市政府停車場出口,2022年04月18日 14:26,2022年04月18日 14:26,1, - ,,1936,台北市市政府-大門,2022年04月13日 16:23,2022年12月02日 10:36, - ,0, - ,false,1, - , - ,false, - , - 
120,臺北市政府西大門,2022年04月21日 13:25,2022年04月21日 13:25,1, - ,,1945,台北市政府-正門口,2022年04月20日 09:54,2023年01月09日 16:22, - ,0, - ,false,2, - , - ,false, - , - 
121,比特宇宙,2022年04月28日 17:26,2022年04月28日 17:26,1, - ,,1948,比特宇宙,2022年04月28日 10:45,2022年04月28日 11:09, - ,0, - ,false,1, - , - ,false, - , - 
122,竹東,2022年05月04日 16:33,2022年05月04日 16:33,1, - ,,1957,臺北市政府大廳AR導覽_竹東,2022年05月05日 14:53,2022年08月15日 18:10,https://api.lig.com.tw/ar_asset/ftsp9q11qkfck0kwt591l2p2pphx.jpg,0, - ,false,1, - , - ,false, - , - 
123,成都楊桃冰,2022年05月05日 14:49,2022年05月05日 14:49,1, - ,,2438,julia_西門六號出口_火星貓_王領英雄,2022年12月13日 14:10,2023年11月22日 18:14,https://api.lig.com.tw/ar_asset/p39nq0jgji6pgw9jx10a0r76s25u.jpg,0, - ,false,1, - , - ,false, - , - 
124,擁恆-豬哥亮墓園,2022年05月10日 10:59,2022年05月10日 10:59,1, - ,,1937,擁恆_豬哥亮_墓園,2022年04月17日 10:58,2023年04月13日 09:57,https://api.lig.com.tw/ar_asset/9x4ep2rv0hgf9nu5pdhoow3oecvq.png,0, - ,false,1, - , - ,false, - , - 
127,光時代會議室179,2022年06月16日 10:09,2022年06月16日 10:09,1, - ,,1871,SDK Test 測試場景,2022年03月06日 17:10,2023年04月10日 17:04, - ,0, - ,false,1, - , - ,false, - , - 
133,Ruby小貓_5491座標系,2022年06月28日 16:43,2024年02月24日 20:04,1, - ,/rails/active_storage/blobs/redirect/eyJfcmFpbHMiOnsibWVzc2FnZSI6IkJBaHBBdkUrIiwiZXhwIjpudWxsLCJwdXIiOiJibG9iX2lkIn19--02a7548130149e358a51aa347157ecd80c259c63/%E8%9B%8B%E9%BB%83%E9%85%A5.png,3411,RC_元宵,2024年02月17日 17:47,2024年03月05日 15:10, - ,0, - ,false,1, - , - ,false, - , - 
136,運營測試區,2022年07月06日 12:11,2022年07月06日 12:11,1, - ,,2028,永安海螺文化體驗園區,2022年07月07日 01:35,2022年07月07日 01:35, - ,0, - ,false,1, - , - ,false, - , - 
137,KM20_207,2022年07月15日 18:21,2022年07月15日 18:22,1, - ,,,,,,,,,,,,,,,
138,和全豐開發環境,2022年07月15日 18:22,2023年05月19日 20:15,1, - ,,2743,誠品站前店_萬聖節-和全豐,2023年05月19日 20:19,2023年05月19日 20:20, - ,1, - ,false,1, - , - ,false, - , - 
139,Hank選戰Demo,2022年07月15日 19:18,2022年07月15日 19:18,1, - ,,2033,選戰demo場景-plain,2022年07月15日 18:30,2022年07月15日 20:30, - ,0, - ,false,1, - , - ,false, - , - 
140,LivingCS1,2022年07月20日 18:16,2022年07月20日 18:16,16, - ,,2039,LivingScene1,2022年07月20日 18:09,2022年07月20日 18:09, - ,0, - ,false,1, - , - ,false, - , - 
141,Julia小貓_946座標系_old,2022年07月21日 15:42,2023年06月15日 19:39,1, - ,,"2675,2151,2681","Julia_Demo_Ad,Julia_Demo_誠品站前店_聖誕節🎄,julia_Demo_百威生醫","2023年04月18日 15:07,2022年09月16日 17:04,2023年04月19日 17:40","2023年04月21日 15:28,2022年10月17日 16:17,2023年04月19日 17:40"," - ,https://api.lig.com.tw/ar_asset/xhgy8c2yrr4e2h1l7boqceae1xsl.jpg, - ","0,2,0"," - ,10, - ","false,false,false","1,1,1"," - , - , - "," - , - , - ","false,false,false"," - , - , - "," - , - , - "
144,光時代AR體驗,2022年07月29日 14:50,2022年07月29日 14:50,1, - ,,"2009,2364","元宇宙 in 市政府,台北市立動物園","2022年06月24日 11:15,2022年11月16日 18:25","2022年12月27日 09:01,2022年12月07日 11:41","https://api.lig.com.tw/ar_asset/hocptv7t06r504pbio4iftykfz25.jpg,https://api.lig.com.tw/ar_asset/7mz6xz1q48daicjn0ijkrdag6tnx.jpg","0,0"," - , - ","false,false","2,1"," - , - "," - , - ","false,false"," - , - "," - , - "
146,南港教育展,2022年08月18日 16:38,2022年08月18日 16:38,1, - ,,2088,南港教育展,2022年08月18日 14:45,2022年08月18日 14:45, - ,0, - ,false,1, - , - ,false, - , - 
147,MEET大南方,2022年08月25日 22:03,2022年08月25日 22:03,1, - ,,2093,天文館,2022年08月23日 15:00,2022年11月21日 14:55,https://api.lig.com.tw/ar_asset/9lequz3r3fbl6j2dbnieefozrnnh.jpg,0, - ,false,1, - , - ,false, - , - 
148,奇觀辦公室,2022年08月31日 13:56,2022年08月31日 13:56,1, - ,,1936,台北市市政府-大門,2022年04月13日 16:23,2022年12月02日 10:36, - ,0, - ,false,1, - , - ,false, - , - 
149,測試座標系,2022年09月02日 14:47,2023年06月02日 14:21,1, - ,,"2777,1066","plain 辦公室測試2,plain 辦公室測試1","2023年06月08日 15:58,2021年05月06日 12:56","2023年06月08日 15:58,2023年06月07日 12:15"," - , - ","0,0"," - , - ","false,false","1,1"," - , - "," - , - ","false,false"," - , - "," - , - "
151,HENRY DEMO(241),2022年09月14日 20:48,2023年09月30日 07:14,1, - ,,3357,CES2024-Tutk-L,2024年01月10日 20:35,2024年01月12日 08:17, - ,0, - ,false,1, - , - ,false, - , - 
152,碁康,2022年09月15日 16:25,2023年05月12日 09:27,1, - ,,2716,高工局Demo,2023年05月05日 14:31,2023年05月05日 14:31, - ,0, - ,false,1, - , - ,false, - , - 
153,霹靂,2022年09月15日 20:48,2022年09月15日 20:48,1, - ,,2293,霹靂in光榮碼頭,2022年10月24日 09:47,2022年11月05日 11:38, - ,0, - ,false,1, - , - ,false, - , - 
154,專題展覽,2022年09月16日 08:34,2022年09月16日 08:34,1, - ,,2146,專題展覽,2022年09月16日 08:32,2022年09月16日 08:33, - ,0, - ,false,1, - , - ,false, - , - 
158,台北市政府聯合服務中心,2022年09月19日 11:32,2022年09月19日 11:32,1, - ,,2148,聯合服務中心,2022年09月16日 15:07,2023年05月17日 17:31, - ,0, - ,false,2, - , - ,false, - , - 
159,永安海螺文化體驗園區,2022年09月21日 13:01,2022年09月21日 13:01,1, - ,,2157,永安海螺館,2022年09月19日 15:18,2022年09月20日 15:05, - ,0, - ,false,1, - , - ,false, - , - 
160,未來城市-藝廊,2022年09月22日 13:48,2022年09月22日 13:48,1, - ,,2163,未來城市-藝廊,2022年09月22日 11:34,2022年09月28日 16:21, - ,0, - ,false,1, - , - ,false, - , - 
161,未來城市-海洋世界,2022年09月22日 13:48,2022年09月22日 13:48,1, - ,,2164,未來城市-海洋世界,2022年09月22日 11:35,2022年09月29日 12:43, - ,0, - ,false,1, - , - ,false, - , - 
178,0-601hk4g4,2022年10月05日 16:56,2023年05月16日 17:13,1, - ,,"2737,2735","資訊球、點餐、Logo、吉祥物,360任意門","2023年05月16日 16:15,2023年05月16日 11:40","2023年05月16日 17:12,2023年05月16日 17:12"," - , - ","0,0"," - , - ","false,false","1,1"," - , - "," - , - ","false,false"," - , - "," - , - "
180,實境-南京復興,2022年10月07日 18:02,2022年10月07日 18:02,1, - ,,,,,,,,,,,,,,,
181,誠品聖誕節,2022年10月11日 14:36,2022年11月21日 14:35,1, - ,,2016,RC_誠品站前店_聖誕節🎄,2022年07月01日 10:30,2022年11月21日 15:33,https://api.lig.com.tw/ar_asset/xhgy8c2yrr4e2h1l7boqceae1xsl.jpg,1, - ,false,1, - , - ,false, - , - 
183,蝦米測試81,2022年10月17日 15:26,2022年10月20日 10:53,1, - ,,"1866,2538","AR物件場景測試綁定光標籤81,夢想遊樂園","2022年02月23日 11:04,2023年01月13日 11:48","2022年10月25日 10:43,2023年01月13日 11:48"," - , - ","0,0"," - , - ","false,false","1,1"," - , - "," - , - ","false,false"," - , - "," - , - "
190,信義第三區,2022年11月09日 17:04,2023年07月28日 12:15,1, - ,/rails/active_storage/blobs/redirect/eyJfcmFpbHMiOnsibWVzc2FnZSI6IkJBaHBBaUU3IiwiZXhwIjpudWxsLCJwdXIiOiJibG9iX2lkIn19--c7997304e423c363f89224d0a65f4b843f9d1bd5/%E9%97%9C%E5%8D%A1%E5%85%AD%E5%9C%B0%E5%9C%96.png,2819,粽邪第六關解謎,2023年07月10日 15:23,2023年08月01日 09:31, - ,0, - ,false,1, - , - ,false, - , - 
191,中華電信5G加速器,2022年11月16日 12:48,2022年11月16日 12:48,1, - ,,"2359,2341","中華電信5G加速器,羅馬競技場-冠軍之路","2022年11月16日 06:35,2022年11月08日 13:38","2022年11月17日 12:04,2022年11月18日 10:48","https://api.lig.com.tw/ar_asset/qqk50e5adpgwtgs255has8vu48g3.png,https://api.lig.com.tw/ar_asset/eh9h77u5kqthh3fqbhfqhtu0ma4d.jpg","0,0"," - , - ","false,false","1,1"," - , - "," - , - ","false,false"," - , - "," - , - "
192,Meet Taipei - 光時代,2022年11月16日 13:24,2022年11月16日 13:24,1, - ,,"2295,2341,1511,2445,2435","meet taipei 爭豔館,羅馬競技場-冠軍之路,亞灣新創園,yuli我的場景,外婆生日","2022年10月27日 09:43,2022年11月08日 13:38,2021年09月30日 17:39,2022年12月13日 16:19,2022年12月10日 05:20","2022年11月17日 12:06,2022年11月18日 10:48,2024年03月26日 15:51,2022年12月13日 16:26,2022年12月10日 05:20","https://api.lig.com.tw/ar_asset/oathr1lqe6etbyty67x5xecb6231.jpeg,https://api.lig.com.tw/ar_asset/eh9h77u5kqthh3fqbhfqhtu0ma4d.jpg,https://api.lig.com.tw/ar_asset/hls3lvues7xev5wn3oxohm69t4fj.png, - , - ","0,0,0,0,0"," - , - , - , - , - ","false,false,false,false,false","1,1,1,1,1"," - , - , - , - , - "," - , - , - , - , - ","false,false,false,false,false"," - , - , - , - , - "," - , - , - , - , - "
193,(Eliot) Coordinate System 1 (web),2022年11月23日 11:25,2022年11月23日 11:25,1, - ,,2377,(Eliot) Test Scene 1 (ios),2022年11月23日 11:21,2022年11月23日 11:40, - ,0, - ,false,1, - , - ,false, - , - 
194,高雄市政府經發局,2022年11月23日 11:30,2022年11月23日 11:30,1, - ,,2374,高雄市經發局,2022年11月23日 09:05,2023年12月29日 09:32,https://api.lig.com.tw/ar_asset/2nc7k3w6b96d44ml6kykoz6rszw0.jpeg,0, - ,false,1, - , - ,false, - , - 
195,(Eliot) Coordinate System 2 (web),2022年11月23日 11:44,2022年11月23日 11:44,1, - ,,2379,(Eliot) Test Scene 2 (web),2022年11月23日 11:43,2022年11月23日 13:37, - ,0, - ,false,1, - , - ,false, - , - 
196,雲端AI新視界,2022年11月24日 08:54,2022年11月24日 08:54,1, - ,,"2388,1511,2009,2345,2390","雲端AI新視界,亞灣新創園,元宇宙 in 市政府,元宇宙 in 信義區,ACER","2022年11月28日 11:34,2021年09月30日 17:39,2022年06月24日 11:15,2022年11月09日 20:54,2022年11月29日 15:52","2022年11月30日 13:39,2024年03月26日 15:51,2022年12月27日 09:01,2022年12月22日 14:48,2022年11月29日 15:52"," - ,https://api.lig.com.tw/ar_asset/hls3lvues7xev5wn3oxohm69t4fj.png,https://api.lig.com.tw/ar_asset/hocptv7t06r504pbio4iftykfz25.jpg,https://api.lig.com.tw/ar_asset/nnoylz6tcwiouo8g37mnv2kxpn1s.jpg, - ","0,0,0,0,0"," - , - , - , - , - ","false,false,false,false,false","1,1,2,2,1"," - , - , - , - , - "," - , - , - , - , - ","false,false,false,false,false"," - , - , - , - , - "," - , - , - , - , - "
197,光時代門口,2022年11月29日 11:57,2023年10月20日 13:55,1, - ,,"2903,2904,3160,3447","玩家1,玩家2,信義區生日趴解謎,雨神同行正式","2023年09月01日 14:25,2023年09月01日 14:29,2023年11月15日 17:04,2024年03月14日 10:58","2023年09月05日 17:42,2023年09月05日 17:43,2023年11月15日 17:04,2024年03月20日 14:50","https://api.lig.com.tw/ar_asset/6e7zakmlzeiozr0593qam5x1jvp8.png,https://api.lig.com.tw/ar_asset/lr8agnnzzmbdrlnfere4ov6frjyi.png, - , - ","0,0,0,0"," - , - , - , - ","false,false,false,false","1,1,1,1"," - , - , - , - "," - , - , - , - ","false,false,false,false"," - , - , - , - "," - , - , - , - "
198,鴻圖開發部門,2022年11月30日 11:35,2022年12月06日 10:49,26, - ,,2412,元宇宙 in 市政府 (鴻圖),2022年12月06日 10:10,2022年12月06日 12:39,https://api.lig.com.tw/ar_asset/hocptv7t06r504pbio4iftykfz25.jpg,0, - ,false,2, - , - ,false, - , - 
199,信義第一區第一關,2022年12月03日 07:36,2023年06月09日 13:31,1,https://cloud.lig.com.tw/messages/23,/rails/active_storage/blobs/redirect/eyJfcmFpbHMiOnsibWVzc2FnZSI6IkJBaHBBdjgyIiwiZXhwIjpudWxsLCJwdXIiOiJibG9iX2lkIn19--c7b7c4730dc4ff2df55e3444e0e72bd5dee22881/%E5%AF%B6%E8%97%8F%E5%9C%96%E9%97%9C%E5%8D%A1%E3%84%A7.png,2741,粽邪第一關解謎,2023年05月18日 14:14,2023年08月01日 09:32, - ,0, - ,false,1, - , - ,false, - , - 
200,高醫大校史館,2022年12月09日 18:42,2023年05月10日 16:17,1, - ,,2402,高醫大校史館,2022年12月01日 13:41,2023年10月02日 10:36, - ,0, - ,false,1, - , - ,false, - , - 
203,acer-11F,2022年12月14日 14:53,2022年12月14日 14:53,45, - ,,2446,11F,2022年12月14日 11:52,2022年12月14日 11:52, - ,0, - ,false,1, - , - ,false, - , - 
204,589,2022年12月14日 18:42,2023年09月08日 11:58,1, - ,,3444,Steven物件：資訊球 2.0,2024年03月11日 15:42,2024年03月11日 15:44, - ,0, - ,false,1, - , - ,false, - , - 
208,eliot coordinate sys. lightid=5520,2022年12月18日 16:50,2023年10月25日 14:07,1, - ,,"78,3087","力暘花蓮辦公室,綠能觀光元宇宙在竹東_萬聖節活動","2021年01月18日 13:21,2023年10月25日 11:54","2021年09月10日 08:15,2023年10月25日 15:15"," - ,https://assets.lig.com.tw/ar_asset/ibjyqfhu1526tgpssfum0lejx2ou.jpg","0,0"," - , - ","false,false","1,1"," - , - "," - , - ","false,false"," - , - "," - , - "
209,DEMO,2022年12月19日 10:44,2022年12月19日 10:44,48, - ,,2451,default scene,2022年12月15日 09:55,2022年12月15日 09:55, - ,0, - ,false,1, - , - ,false, - , - 
210,SunnyChen lightid=5469,2022年12月19日 16:45,2023年03月10日 16:09,1, - ,,"2658,1066,2850,3412,3425,3475,3460","測試設定透明度,plain 辦公室測試1,niho-bug,動作：呼叫 AI 客服,物件：資訊球 2.0,苑里-休息區,直播間-測試","2023年04月11日 14:07,2021年05月06日 12:56,2023年08月01日 14:13,2024年02月19日 11:41,2024年03月05日 16:18,2024年04月11日 13:24,2024年03月21日 14:41","2023年04月11日 14:07,2023年06月07日 12:15,2023年08月01日 15:00,2024年02月19日 11:41,2024年03月27日 11:46,2024年04月11日 13:25,2024年03月25日 16:29"," - , - , - , - , - , - , - ","0,0,0,0,0,0,0"," - , - , - , - , - , - , - ","false,false,false,false,false,false,false","1,1,1,1,1,1,1"," - , - , - , - , - , - , - "," - , - , - , - , - , - , - ","false,false,false,false,false,false,true"," - , - , - , - , - , - ,場景-3460-直播間-測試"," - , - , - , - , - , - , - "
211,demo002,2022年12月21日 08:59,2022年12月21日 08:59,48, - ,,2467,demo002,2022年12月21日 08:51,2022年12月21日 08:51, - ,0, - ,false,1, - , - ,false, - , - 
212,創業者年會,2022年12月22日 09:01,2022年12月22日 09:01,1, - ,,"2468,1511,1189,2301,2374","創業者年會,亞灣新創園,HoloParkScene,夢想遊樂園,高雄市經發局","2022年12月21日 09:44,2021年09月30日 17:39,2021年08月14日 14:04,2022年11月02日 11:09,2022年11月23日 09:05","2023年01月09日 19:18,2024年03月26日 15:51,2022年12月05日 16:29,2023年11月16日 07:17,2023年12月29日 09:32","https://api.lig.com.tw/ar_asset/oathr1lqe6etbyty67x5xecb6231.jpeg,https://api.lig.com.tw/ar_asset/hls3lvues7xev5wn3oxohm69t4fj.png,https://api.lig.com.tw/ar_asset/yjzn6q8n1if1hw8bpmbaojtcdehw.png, - ,https://api.lig.com.tw/ar_asset/2nc7k3w6b96d44ml6kykoz6rszw0.jpeg","0,0,0,0,0"," - , - , - , - , - ","false,false,false,false,false","2,1,1,1,1"," - , - , - , - , - "," - , - , - , - , - ","false,false,false,false,false"," - , - , - , - , - "," - , - , - , - , - "
213,台北通開發人員,2022年12月22日 14:07,2022年12月22日 14:07,1, - ,,2009,元宇宙 in 市政府,2022年06月24日 11:15,2022年12月27日 09:01,https://api.lig.com.tw/ar_asset/hocptv7t06r504pbio4iftykfz25.jpg,0, - ,false,2, - , - ,false, - , - 
214,耶誕嘉年華主舞台,2022年12月22日 17:59,2022年12月22日 18:11,1, - ,,2461,空總耶誕嘉年華-peter,2022年12月19日 16:11,2022年12月19日 16:13, - ,0, - ,false,1, - , - ,false, - , - 
215,耶誕嘉年華元宇宙,2022年12月22日 18:11,2022年12月22日 18:11,1, - ,,2103,空總耶誕嘉年華,2022年09月01日 14:15,2022年12月14日 16:27, - ,0, - ,false,1, - , - ,false, - , - 
218,23科技燈區,2023年01月06日 12:42,2023年01月06日 12:42,1, - ,,2541,RC_23科技燈區_0113_上架用_忽略可視距離_精靈已換好_參差版,2023年01月16日 13:37,2023年01月16日 16:30, - ,0, - ,false,2, - , - ,false, - , - 
219,mike測試,2023年01月09日 15:01,2023年03月08日 11:31,1, - ,,"2301,2537,2568,2582,2884","夢想遊樂園,元宵燈節第一區,第五區ATT,第六區101,大稻埕-貨櫃碼頭_導覽員複製-plain","2022年11月02日 11:09,2023年01月13日 09:18,2023年02月16日 14:50,2023年02月21日 13:34,2023年08月18日 00:03","2023年11月16日 07:17,2023年01月16日 11:25,2023年02月16日 14:50,2023年02月21日 13:34,2023年08月18日 00:09"," - , - , - , - , - ","0,0,0,0,0"," - , - , - , - , - ","false,false,false,false,true","1,1,1,1,1"," - , - , - , - , - "," - , - , - , - , - ","false,false,false,false,false"," - , - , - , - , - "," - , - , - , - , - "
221,運營_燈會test,2023年01月10日 11:28,2023年02月10日 14:31,1, - ,,2541,RC_23科技燈區_0113_上架用_忽略可視距離_精靈已換好_參差版,2023年01月16日 13:37,2023年01月16日 16:30, - ,0, - ,false,2, - , - ,false, - , - 
222,信義第二區第一關,2023年01月17日 10:20,2023年07月07日 11:40,1,https://cloud.lig.com.tw/messages/26,/rails/active_storage/blobs/redirect/eyJfcmFpbHMiOnsibWVzc2FnZSI6IkJBaHBBcGczIiwiZXhwIjpudWxsLCJwdXIiOiJibG9iX2lkIn19--f591e059129c64992a2b7567e53b808840a8d852/%E7%AC%AC%E4%BA%8C%E5%8D%80%E7%AC%AC%E5%9B%9B%E9%97%9C%E7%BE%8E%E8%A1%93_%E7%AC%AC%E5%9B%9B%E9%97%9C%E5%AF%B6%E8%97%8F%E5%9C%B0%E5%9C%96.png,2738,粽邪第四關解謎,2023年05月17日 14:56,2023年07月10日 08:59, - ,0, - ,false,1, - , - ,false, - , - 
223,信義第四區第一關,2023年01月17日 14:54,2023年06月09日 15:45,1, - ,,2843,拼圖-複製,2023年07月27日 14:39,2023年07月27日 14:40, - ,0, - ,false,1, - , - ,false, - , - 
224,acer展廳,2023年01月19日 10:24,2023年01月19日 10:24,1, - ,,2502,acer 新年,2023年01月04日 16:34,2023年02月04日 15:19, - ,0, - ,false,1, - , - ,false, - , - 
231,julia_Demo_Hank 辦公室,2023年02月14日 16:02,2023年02月14日 16:02,1, - ,,"1914,1862,1511,2374","臺北市政府大廳AR導覽,海底世界-複製確認,亞灣新創園,高雄市經發局","2022年03月28日 17:35,2022年02月21日 16:07,2021年09月30日 17:39,2022年11月23日 09:05","2023年05月16日 09:44,2024年03月06日 11:25,2024年03月26日 15:51,2023年12月29日 09:32","https://api.lig.com.tw/ar_asset/ftsp9q11qkfck0kwt591l2p2pphx.jpg,https://api.lig.com.tw/ar_asset/ftsp9q11qkfck0kwt591l2p2pphx.jpg,https://api.lig.com.tw/ar_asset/hls3lvues7xev5wn3oxohm69t4fj.png,https://api.lig.com.tw/ar_asset/2nc7k3w6b96d44ml6kykoz6rszw0.jpeg","0,3,0,0"," - ,24, - , - ","false,false,false,false","1,1,1,1"," - , - , - , - "," - , - , - , - ","false,false,false,false"," - , - , - , - "," - , - , - , - "
232,茂林新威遊客中心,2023年02月17日 12:22,2023年04月25日 13:22,1,https://cloud.lig.com.tw/messages/13,/rails/active_storage/blobs/redirect/eyJfcmFpbHMiOnsibWVzc2FnZSI6IkJBaHBBblUwIiwiZXhwIjpudWxsLCJwdXIiOiJibG9iX2lkIn19--57da455f5c444e00344c15924d51614051b4e025/%E8%8C%82%E6%9E%97%E5%B0%8F%E5%9C%B0%E5%9C%96-04.png,2574,新威旅客中心,2023年02月20日 15:08,2024年04月10日 10:44, - ,0, - ,false,1, - , - ,false, - , - 
233,新威遊客中心1F,2023年02月17日 12:48,2023年04月25日 13:22,1,https://cloud.lig.com.tw/messages/1,/rails/active_storage/blobs/redirect/eyJfcmFpbHMiOnsibWVzc2FnZSI6IkJBaHBBblEwIiwiZXhwIjpudWxsLCJwdXIiOiJibG9iX2lkIn19--0d8fbfef14348c55e263a194c5808f152646ec06/%E8%8C%82%E6%9E%97%E5%B0%8F%E5%9C%B0%E5%9C%96-03.png,2575,新威旅客中心-1F,2023年02月20日 15:12,2023年12月21日 09:52, - ,0, - ,false,1, - , - ,false, - , - 
234,茂林新威遊客中心2F,2023年02月17日 13:31,2023年04月25日 13:22,1,https://cloud.lig.com.tw/messages/12,/rails/active_storage/blobs/redirect/eyJfcmFpbHMiOnsibWVzc2FnZSI6IkJBaHBBbk0wIiwiZXhwIjpudWxsLCJwdXIiOiJibG9iX2lkIn19--2892e6ced1bb06a97905587a0365c6b2fc3d57a3/%E8%8C%82%E6%9E%97%E5%B0%8F%E5%9C%B0%E5%9C%96-02.png,2576,新威旅客中心-2F,2023年02月20日 15:13,2023年03月13日 09:14, - ,0, - ,false,1, - , - ,false, - , - 
235,禮納里遊客服務中心,2023年02月17日 15:20,2023年04月25日 13:21,1,https://cloud.lig.com.tw/messages/15,/rails/active_storage/blobs/redirect/eyJfcmFpbHMiOnsibWVzc2FnZSI6IkJBaHBBbkkwIiwiZXhwIjpudWxsLCJwdXIiOiJibG9iX2lkIn19--c0a0179474d79be8aa7e0d2d607bfe4ded70d417/%E8%8C%82%E6%9E%97%E5%B0%8F%E5%9C%B0%E5%9C%96-05.png,2577,禮納里旅客服務中心-室外,2023年02月20日 15:51,2023年03月14日 13:56, - ,0, - ,true,1, - , - ,false, - , - 
236,禮納里遊客服務中心-1F,2023年02月17日 16:14,2023年04月25日 13:21,1,https://cloud.lig.com.tw/messages/14,/rails/active_storage/blobs/redirect/eyJfcmFpbHMiOnsibWVzc2FnZSI6IkJBaHBBbkUwIiwiZXhwIjpudWxsLCJwdXIiOiJibG9iX2lkIn19--e5fc9bd927820428d609edefa8402aa0cf523ac6/%E8%8C%82%E6%9E%97%E5%B0%8F%E5%9C%B0%E5%9C%96-01.png,2578,禮納里旅客服務中心-室內,2023年02月20日 16:33,2023年03月14日 10:18, - ,0, - ,false,1, - , - ,false, - , - 
237,att4fun,2023年02月18日 09:12,2023年02月18日 09:12,1, - ,,2842,數字解謎-att,2023年07月27日 11:34,2023年07月27日 11:35, - ,0, - ,false,1, - , - ,false, - , - 
238,101,2023年02月18日 11:48,2023年02月18日 11:48,1, - ,,2009,元宇宙 in 市政府,2022年06月24日 11:15,2022年12月27日 09:01,https://api.lig.com.tw/ar_asset/hocptv7t06r504pbio4iftykfz25.jpg,0, - ,false,2, - , - ,false, - , - 
239,互動地圖DEMO,2023年02月22日 07:35,2023年02月22日 07:35,1, - ,,"2585,2587,2588,2561","互動地圖demo,RC_Demo_6號隧道,RC_Demo_勝興車站,RC_Demo_龍騰斷橋","2023年02月22日 00:18,2023年02月22日 13:01,2023年02月22日 13:06,2023年02月13日 17:23","2023年02月22日 07:07,2023年07月14日 10:43,2023年07月14日 10:43,2023年07月14日 10:43"," - , - , - , - ","0,0,0,0"," - , - , - , - ","false,false,false,false","1,1,1,1"," - , - , - , - "," - , - , - , - ","false,false,false,false"," - , - , - , - "," - , - , - , - "
242,智慧城市展,2023年03月28日 14:47,2023年03月28日 14:47,1, - ,,2625,智慧城市展_showroom,2023年03月17日 11:38,2023年04月19日 17:05, - ,0, - ,false,1, - , - ,false, - , - 
243,智慧城市展-高雄場,2023年03月29日 15:01,2023年03月29日 15:01,1, - ,,2647,智慧城市高雄展,2023年03月29日 07:12,2024年04月22日 11:49,https://api.lig.com.tw/ar_asset/bsot9eg1qxe5e862a2l2dtdxdt67.jpg,0, - ,false,1, - , - ,false, - , - 
244,0.0.0,2023年03月30日 08:52,2023年03月30日 08:52,1, - ,,"3103,2578,2577,2576,2575,2574,2042,3428,1862,3456,3388,1822,3477,2984,3460","苗栗車站_苗栗縣政府,禮納里旅客服務中心-室內,禮納里旅客服務中心-室外,新威旅客中心-2F,新威旅客中心-1F,新威旅客中心,星光大道,海底世界,海底世界-複製確認,智慧城市展測試,大稻埕_春節_貨櫃市集-1.2貓(上架),0.0.0,茂林DEMO,苗栗車站,直播間-測試","2023年10月31日 11:37,2023年02月20日 16:33,2023年02月20日 15:51,2023年02月20日 15:13,2023年02月20日 15:12,2023年02月20日 15:08,2022年07月22日 09:50,2024年03月06日 10:22,2022年02月21日 16:07,2024年03月20日 12:15,2024年01月25日 17:47,2022年01月13日 15:24,2024年04月11日 14:27,2023年09月22日 11:41,2024年03月21日 14:41","2024年04月08日 11:44,2023年03月14日 10:18,2023年03月14日 13:56,2023年03月13日 09:14,2023年12月21日 09:52,2024年04月10日 10:44,2024年03月05日 13:09,2024年03月06日 10:22,2024年03月06日 11:25,2024年03月20日 17:21,2024年01月29日 16:54,2023年08月15日 15:09,2024年04月11日 14:27,2023年10月06日 14:38,2024年03月25日 16:29","https://api.lig.com.tw/ar_asset/ftsp9q11qkfck0kwt591l2p2pphx.jpg, - , - , - , - , - , - ,https://api.lig.com.tw/ar_asset/ftsp9q11qkfck0kwt591l2p2pphx.jpg,https://api.lig.com.tw/ar_asset/ftsp9q11qkfck0kwt591l2p2pphx.jpg, - , - , - , - ,https://api.lig.com.tw/ar_asset/ftsp9q11qkfck0kwt591l2p2pphx.jpg, - ","3,0,0,0,0,0,1,3,3,0,0,0,0,1,0"," - , - , - , - , - , - ,23,24,24, - , - , - , - , - , - ","false,false,true,false,false,false,false,false,false,false,false,false,false,false,false","1,1,1,1,1,1,1,1,1,1,1,1,1,1,1"," - , - , - , - , - , - , - , - , - , - , - , - , - , - , - "," - , - , - , - , - , - , - , - , - , - , - , - , - , - , - ","false,false,false,false,false,false,false,false,false,false,false,false,false,false,true"," - , - , - , - , - , - , - , - , - , - , - , - , - , - ,場景-3460-直播間-測試"," - , - , - , - , - , - , - , - , - , - , - , - , - , - , - "
245,茂林新威旅客中心,2023年03月31日 16:28,2023年04月24日 06:10,52, - ,,2687,新威旅客中心-[練習區],2023年04月22日 13:00,2023年04月24日 10:42, - ,0, - ,false,1, - , - ,false, - , - 
246,茂林新威旅客中心2F,2023年03月31日 16:29,2023年03月31日 16:29,52, - ,,,,,,,,,,,,,,,
247,禮納里旅客服務中心,2023年03月31日 16:29,2023年03月31日 16:30,52, - ,,,,,,,,,,,,,,,
248,禮納里旅客服務中心-1F,2023年03月31日 16:30,2023年03月31日 16:30,52, - ,,,,,,,,,,,,,,,
249,茂林新威旅客中心-咖啡廳,2023年04月17日 17:49,2023年04月17日 17:49,1, - ,,2669,茂林新威旅客中心-咖啡廳,2023年04月17日 17:49,2024年04月08日 11:59, - ,11, - ,false,1, - , - ,false, - , - 
251,殼上寫Henry,2023年05月05日 10:27,2023年06月27日 13:51,1, - ,,"1934,2653,2756,2669,1660,3409,3472,3475,3488,3477,3412,2574,2577","擁恆_豬哥亮,光時代辦公室解謎,高雄市經發局-複製henry,茂林新威旅客中心-咖啡廳,數位轉型政策白皮書,台北市地圖,大稻埕-貨櫃市集_萬聖節_mike,苑里-休息區,旅展場景,茂林DEMO,動作：呼叫 AI 客服,新威旅客中心,禮納里旅客服務中心-室外","2022年04月12日 13:09,2023年04月10日 13:17,2023年05月30日 17:57,2023年04月17日 17:49,2021年12月15日 09:28,2024年02月16日 14:40,2024年04月08日 09:58,2024年04月11日 13:24,2024年04月26日 18:20,2024年04月11日 14:27,2024年02月19日 11:41,2023年02月20日 15:08,2023年02月20日 15:51","2024年04月08日 11:55,2024年04月08日 11:56,2024年04月08日 11:56,2024年04月08日 11:59,2024年04月08日 11:58,2024年04月08日 11:59,2024年04月08日 11:43,2024年04月11日 13:25,2024年05月28日 18:18,2024年04月11日 14:27,2024年02月19日 11:41,2024年04月10日 10:44,2023年03月14日 13:56","https://api.lig.com.tw/ar_asset/9x4ep2rv0hgf9nu5pdhoow3oecvq.png, - ,https://api.lig.com.tw/ar_asset/2nc7k3w6b96d44ml6kykoz6rszw0.jpeg, - ,https://api.lig.com.tw/ar_asset/sg5ibvosc55cjmjj9g3bwaxhdmv3.png, - , - , - , - , - , - , - , - ","4,5,16,11,12,6,2,0,0,0,0,0,0"," - , - , - , - , - , - , - , - , - , - , - , - , - ","false,false,false,false,false,false,false,false,false,false,false,false,true","1,1,1,1,1,1,1,1,1,1,1,1,1"," - , - , - , - , - , - , - , - , - , - , - , - , - "," - , - , - , - , - , - , - , - , - , - , - , - , - ","false,false,false,false,false,false,false,false,false,false,false,false,false"," - , - , - , - , - , - , - , - , - , - , - , - , - "," - , - , - , - , - , - , - , - , - , - , - , - , - "
252,Ruby_黑小貓965座標系,2023年05月08日 10:29,2024年03月05日 15:50,1, - ,,"3013,1857","RC_星竹東,皇穹陵","2023年09月27日 17:00,2022年02月15日 13:45","2023年10月28日 08:59,2022年02月17日 20:06","https://assets.lig.com.tw/ar_asset/pbeslj79u8psnl5qmus84cepg6y4.jpg, - ","0,0"," - , - ","false,false","1,1"," - , - "," - , - ","false,false"," - , - "," - , - "
255,粽邪7樓快問快答第一組,2023年05月24日 14:38,2023年06月26日 19:55,1, - ,,2708,粽邪7樓快問快答第一組,2023年04月25日 10:18,2023年06月13日 09:59, - ,0, - ,false,1, - , - ,false, - , - 
256,銘傳招生4F,2023年05月24日 17:25,2023年05月24日 17:25,1, - ,,3016,mcu,2023年10月03日 15:19,2023年10月03日 15:19, - ,0, - ,false,1, - , - ,false, - , - 
257,信義第一區第二關,2023年05月30日 10:31,2023年06月09日 13:31,1,https://cloud.lig.com.tw/messages/23,/rails/active_storage/blobs/redirect/eyJfcmFpbHMiOnsibWVzc2FnZSI6IkJBaHBBZ0EzIiwiZXhwIjpudWxsLCJwdXIiOiJibG9iX2lkIn19--f9259d6ee16394afcb7400112cb38c21232b73de/%E5%AF%B6%E8%97%8F%E5%9C%96%E9%97%9C%E5%8D%A1%E4%BA%8C.png,2752,粽邪第二關解謎,2023年05月29日 13:34,2023年08月01日 09:32, - ,0, - ,false,1, - , - ,false, - , - 
259,信義第一區第三關,2023年06月02日 10:10,2023年06月09日 13:31,1,https://cloud.lig.com.tw/messages/23,/rails/active_storage/blobs/redirect/eyJfcmFpbHMiOnsibWVzc2FnZSI6IkJBaHBBZ0UzIiwiZXhwIjpudWxsLCJwdXIiOiJibG9iX2lkIn19--24d90b813aa60414a8cdfcd73ba86ef29efd507f/%E5%AF%B6%E8%97%8F%E5%9C%96%E9%97%9C%E5%8D%A1%E4%B8%89%20.png,2759,粽邪第三關解謎,2023年05月31日 15:11,2023年08月01日 09:32, - ,0, - ,false,1, - , - ,false, - , - 
260,信義第二區第二關,2023年06月09日 15:36,2023年07月07日 11:40,1,https://cloud.lig.com.tw/messages/26,/rails/active_storage/blobs/redirect/eyJfcmFpbHMiOnsibWVzc2FnZSI6IkJBaHBBdWszIiwiZXhwIjpudWxsLCJwdXIiOiJibG9iX2lkIn19--cc676d74d7587ae5da9c6754296834e2eb26b659/%E7%AC%AC%E4%BA%8C%E9%97%9C_%E7%AC%AC%E4%BA%94%E9%97%9C%E5%AF%B6%E8%97%8F%E5%9C%B0%E5%9C%96.png,2807,粽邪第五關解謎,2023年06月29日 09:55,2023年07月12日 11:54, - ,100, - ,false,1, - , - ,false, - , - 
261,信義第四區第二關,2023年06月09日 15:48,2023年09月06日 16:00,1, - ,/rails/active_storage/blobs/redirect/eyJfcmFpbHMiOnsibWVzc2FnZSI6IkJBaHBBbjgrIiwiZXhwIjpudWxsLCJwdXIiOiJibG9iX2lkIn19--f6695ab68f64f1a8c7359b98792267f758915a05/%E9%AB%94%E9%A9%97%E8%AA%AA%E6%98%8E.png,"2903,2904","玩家1,玩家2","2023年09月01日 14:25,2023年09月01日 14:29","2023年09月05日 17:42,2023年09月05日 17:43","https://api.lig.com.tw/ar_asset/6e7zakmlzeiozr0593qam5x1jvp8.png,https://api.lig.com.tw/ar_asset/lr8agnnzzmbdrlnfere4ov6frjyi.png","0,0"," - , - ","false,false","1,1"," - , - "," - , - ","false,false"," - , - "," - , - "
264,粽邪快問快答,2023年06月26日 14:02,2023年06月26日 14:02,1, - ,,2802,粽邪7樓快問快答第二組,2023年06月26日 13:58,2023年06月28日 20:44, - ,0, - ,false,1, - , - ,false, - , - 
265,和正豐回收機,2023年07月14日 09:51,2023年07月14日 09:51,1, - ,,2820,新竹回收機,2023年07月11日 18:11,2023年07月11日 18:11, - ,0, - ,false,1, - , - ,false, - , - 
267,大稻埕_貨櫃市集-3貓,2023年07月31日 15:49,2024年02月01日 16:21,1,https://cloud.lig.com.tw/messages/133,,3393,大稻埕_春節_貨櫃市集-3貓(上架),2024年01月30日 14:03,2024年02月01日 09:59, - ,0, - ,false,1, - , - ,false, - , - 
268,大稻埕_貨櫃市集-1貓(5126)+2貓(4963),2023年07月31日 16:19,2024年02月01日 16:21,1,https://cloud.lig.com.tw/messages/133,,3388,大稻埕_春節_貨櫃市集-1.2貓(上架),2024年01月25日 17:47,2024年01月29日 16:54, - ,0, - ,false,1, - , - ,false, - , - 
269,大稻埕-迪化街-2,2023年08月01日 09:28,2024年02月01日 16:20,1,https://cloud.lig.com.tw/messages/133,,3392,大稻埕_春節_迪化街-2貓(上架) ,2024年01月30日 10:44,2024年01月30日 10:46, - ,0, - ,true,1, - , - ,false, - , - 
270,信義第三區-2,2023年08月02日 09:43,2023年08月02日 14:21,1, - ,/rails/active_storage/blobs/redirect/eyJfcmFpbHMiOnsibWVzc2FnZSI6IkJBaHBBa283IiwiZXhwIjpudWxsLCJwdXIiOiJibG9iX2lkIn19--6287611c1389bc976f99723a9e658787dba4e7b1/%E7%AC%AC%E5%85%AD%E9%97%9C%E7%BE%8E%E8%A1%93%E7%B4%A0%E6%9D%90%EF%BC%BF%E7%B0%A1%E5%96%AE_%E9%97%9C%E5%8D%A1%E5%85%AD%E5%9C%B0%E5%9C%96.png,2844,粽邪第六關-2,2023年07月31日 10:08,2023年07月31日 10:08, - ,0, - ,false,1, - , - ,false, - , - 
272,ATT新,2023年08月07日 10:09,2023年08月07日 10:10,1, - ,,"2842,2871","數字解謎-att,貨櫃市集-元宇宙版","2023年07月27日 11:34,2023年08月11日 08:28","2023年07月27日 11:35,2023年08月19日 10:54"," - , - ","0,0"," - , - ","false,false","1,1"," - , - "," - , - ","false,false"," - , - "," - , - "
273,嘉義聯合,2023年08月08日 03:14,2024年05月10日 12:08,1,https://cloud.lig.com.tw/messages/133,,3494,嘉義海底世界,2024年05月13日 15:36,2024年05月13日 15:37,https://api.lig.com.tw/ar_asset/ftsp9q11qkfck0kwt591l2p2pphx.jpg,3,24,false,1, - , - ,false, - , - 
275,大稻埕_迪化街-3,2023年08月08日 03:15,2024年02月01日 16:20,1,https://cloud.lig.com.tw/messages/133,,3395,大稻埕_春節_迪化街-3貓(上架),2024年01月30日 15:25,2024年01月31日 15:12, - ,0, - ,true,1, - , - ,false, - , - 
276,桃園綠色方舟館-嘟嘟,2023年08月08日 13:18,2023年08月08日 13:18,1, - ,,2864,綠色方舟館-桃園嘟嘟,2023年08月07日 22:21,2023年08月08日 16:04, - ,0, - ,false,1, - , - ,false, - , - 
277,綠色方舟館-海底世界,2023年08月08日 13:41,2023年08月08日 13:41,1, - ,,2858,海底世界-綠色方舟館,2023年08月04日 18:04,2023年12月01日 11:45,https://api.lig.com.tw/ar_asset/ftsp9q11qkfck0kwt591l2p2pphx.jpg,0, - ,false,1, - , - ,false, - , - 
278,華英街-中,2023年08月15日 13:53,2024年02月01日 16:20,1,https://cloud.lig.com.tw/messages/133,,3400,大稻埕_春節_華英街(上架),2024年01月31日 16:37,2024年01月31日 16:39, - ,0, - ,true,1, - , - ,false, - , - 
279,henry Test,2023年08月19日 20:53,2023年08月19日 20:53,1, - ,,2929,星星隊：多功能新手練習區,2023年09月13日 00:31,2024年04月08日 11:43,https://api.lig.com.tw/ar_asset/ed1z2ztg2at6cjlsjf60uej7orje.png,20, - ,false,1, - , - ,false, - , - 
281,杏子豬排信義威秀店 門口,2023年08月21日 10:36,2023年08月29日 11:29,1, - ,,2897,豬排,2023年08月29日 10:27,2023年09月26日 10:20, - ,0, - ,false,1, - , - ,false, - , - 
282,杏子豬排 - 內部測試用,2023年08月21日 11:37,2023年09月08日 17:03,1, - ,,"2897,2886","豬排,威許-六角-豬排","2023年08月29日 10:27,2023年08月21日 11:09","2023年09月26日 10:20,2023年08月21日 12:19"," - , - ","0,1"," - , - ","false,false","1,1"," - , - "," - , - ","false,false"," - , - "," - , - "
285,苗栗車站,2023年08月22日 15:19,2023年11月01日 23:50,1, - ,,2984,苗栗車站,2023年09月22日 11:41,2023年10月06日 14:38,https://api.lig.com.tw/ar_asset/ftsp9q11qkfck0kwt591l2p2pphx.jpg,1, - ,false,1, - , - ,false, - , - 
286,4858,2023年09月06日 14:29,2023年09月06日 14:29,54, - ,,1903,蘭花奇幻世界主題館,2022年03月23日 10:53,2023年11月07日 15:11, - ,0, - ,false,1, - ,"---
main:
  type: basic
  id: bingsin_admin
  pwd: 25d55ad283aa400af464c76d713c07ad
  url: https://www.nksdata.tw/arapi/api.asmx/userLogin
  additionals:
    token: eyJhbGciOiJIUzI1NiIsInR5cCI6IkpXVCJ9
",false, - , - 
287,國圖-多功能教室,2023年09月11日 11:13,2023年09月21日 13:11,1,https://cloud.lig.com.tw/messages/59,/rails/active_storage/blobs/redirect/eyJfcmFpbHMiOnsibWVzc2FnZSI6IkJBaHBBb3BBIiwiZXhwIjpudWxsLCJwdXIiOiJibG9iX2lkIn19--86eec958051b056b105cf36e5e717f2353eee640/%E5%9C%B0%E5%9C%96-01.png,"2929,2969,2974","星星隊：多功能新手練習區,月亮隊：多功能新手練習區,太陽隊：多功能新手練習區","2023年09月13日 00:31,2023年09月21日 09:49,2023年09月21日 10:20","2024年04月08日 11:43,2023年10月03日 23:38,2023年10月03日 23:38","https://api.lig.com.tw/ar_asset/ed1z2ztg2at6cjlsjf60uej7orje.png,https://api.lig.com.tw/ar_asset/hgdhrlj1n7nyqwxkqsgldjztgup4.png,https://api.lig.com.tw/ar_asset/dpzes927hdhk2rf5gn4qfd8ue54a.png","20,0,0"," - , - , - ","false,false,false","1,1,1"," - , - , - "," - , - , - ","false,false,false"," - , - , - "," - , - , - "
288,國圖-圖書區,2023年09月11日 14:35,2023年09月21日 13:10,1,https://cloud.lig.com.tw/messages/59,/rails/active_storage/blobs/redirect/eyJfcmFpbHMiOnsibWVzc2FnZSI6IkJBaHBBb2RBIiwiZXhwIjpudWxsLCJwdXIiOiJibG9iX2lkIn19--e0763c18ba17050d1933fbcfb86d7326730bd731/%E5%9C%B0%E5%9C%96-01.png,"2930,2973,2976","星星隊：第一關圖書區,月亮三：第三關圖書區,太陽隊：第二關圖書區","2023年09月13日 10:06,2023年09月21日 10:16,2023年09月21日 11:22","2024年04月08日 11:54,2023年10月27日 09:41,2023年10月03日 23:51","https://api.lig.com.tw/ar_asset/ed1z2ztg2at6cjlsjf60uej7orje.png,https://api.lig.com.tw/ar_asset/hgdhrlj1n7nyqwxkqsgldjztgup4.png,https://api.lig.com.tw/ar_asset/dpzes927hdhk2rf5gn4qfd8ue54a.png","21,0,0"," - , - , - ","false,false,false","1,1,1"," - ,---
Excellent:
- id: 7
  values:
    group: 1
    delay_time: 0.0
    obj_id: 33333
    play_count:
Perfect:
- id: 7
  values:
    group: 1
    delay_time: 0.0
    obj_id: 34240
    play_count:
GoodJob:
- id: 7
  values:
    group: 1
    delay_time: 0.0
    obj_id: 34241
    play_count:
, - "," - , - , - ","false,false,false"," - , - , - "," - , - , - "
289,國圖-創客區,2023年09月11日 14:36,2023年09月21日 13:11,1,https://cloud.lig.com.tw/messages/59,/rails/active_storage/blobs/redirect/eyJfcmFpbHMiOnsibWVzc2FnZSI6IkJBaHBBb2hBIiwiZXhwIjpudWxsLCJwdXIiOiJibG9iX2lkIn19--8f0f1f9b59dc7a2026e339aa18440912c41115d7/%E5%9C%B0%E5%9C%96-01.png,"2931,2970,2977","星星隊：第二關創客區,月亮隊：第一關創客區,太陽隊：第三區創客區","2023年09月13日 11:31,2023年09月21日 09:52,2023年09月21日 11:22","2024年04月08日 11:55,2023年09月21日 12:16,2023年09月27日 17:08","https://api.lig.com.tw/ar_asset/ed1z2ztg2at6cjlsjf60uej7orje.png	,https://api.lig.com.tw/ar_asset/hgdhrlj1n7nyqwxkqsgldjztgup4.png,https://api.lig.com.tw/ar_asset/dpzes927hdhk2rf5gn4qfd8ue54a.png","22,0,0"," - , - , - ","false,false,false","1,1,1"," - , - ,---
Excellent:
- id: 7
  values:
    group: 1
    delay_time: 0.0
    obj_id: 33768
    play_count:
Perfect:
- id: 7
  values:
    group: 1
    delay_time: 0.0
    obj_id: 34331
    play_count:
GoodJob:
- id: 7
  values:
    group: 1
    delay_time: 0.0
    obj_id: 34332
    play_count:
"," - , - , - ","false,false,false"," - , - , - "," - , - , - "
290,國圖-C影音區,2023年09月11日 14:36,2023年09月21日 13:11,1,https://cloud.lig.com.tw/messages/59,/rails/active_storage/blobs/redirect/eyJfcmFpbHMiOnsibWVzc2FnZSI6IkJBaHBBb2xBIiwiZXhwIjpudWxsLCJwdXIiOiJibG9iX2lkIn19--cfefa5e9f29c08eaaffc7ef99e8d985e4a5e3461/%E5%9C%B0%E5%9C%96-01.png,"2932,2971,2980","星星隊：第三關影音區,月亮隊：第二關影音區,太陽隊：第一關影音區","2023年09月13日 12:16,2023年09月21日 09:53,2023年09月21日 12:04","2024年04月08日 11:56,2023年09月21日 12:16,2023年09月21日 12:17","https://api.lig.com.tw/ar_asset/ed1z2ztg2at6cjlsjf60uej7orje.png	,https://api.lig.com.tw/ar_asset/hgdhrlj1n7nyqwxkqsgldjztgup4.png,https://api.lig.com.tw/ar_asset/dpzes927hdhk2rf5gn4qfd8ue54a.png","23,0,0"," - , - , - ","false,false,false","1,1,1","---
Excellent:
- id: 7
  values:
    group: 1
    delay_time: 0.0
    obj_id: 32274
    play_count:
Perfect:
- id: 7
  values:
    group: 1
    delay_time: 0.0
    obj_id: 34238
    play_count:
GoodJob:
- id: 7
  values:
    group: 1
    delay_time: 0.0
    obj_id: 34239
    play_count:
, - , - "," - , - , - ","false,false,false"," - , - , - "," - , - , - "
292,5161坐標,2023年09月15日 22:41,2023年09月15日 22:41,1, - ,,"3358,3362","CES2024-HARTi,CES2024-Tutk-C","2024年01月11日 11:17,2024年01月12日 07:25","2024年01月11日 11:17,2024年01月12日 08:17"," - , - ","0,0"," - , - ","false,false","1,1"," - , - "," - , - ","false,false"," - , - "," - , - "
293,綠能竹東_00_樹上,2023年09月16日 09:08,2023年11月13日 00:38,1,https://lig.tw/i_intro_3_D_Green,,3102,RC_綠能竹東_常設展_00樹上,2023年10月31日 10:35,2023年11月10日 19:02,https://assets.lig.com.tw/ar_asset/8312ygl1zioxjj007f1qzvjw2wzr.png,0, - ,false,1, - , - ,false, - , - 
294,綠能竹東_01_火車站,2023年09月16日 09:17,2023年11月13日 00:38,1,https://lig.tw/i_intro_3_A_Green,,3115,RC_綠能竹東_常設展_01火車站,2023年11月01日 16:34,2023年11月10日 19:02,https://assets.lig.com.tw/ar_asset/8312ygl1zioxjj007f1qzvjw2wzr.png,0, - ,false,1, - , - ,false, - , - 
295,綠能竹東_02_林業展示館,2023年09月16日 09:18,2023年11月13日 00:38,1,https://lig.tw/i_intro_3_B_Green,,3118,RC_綠能竹東_常設展_02林業展示館,2023年11月02日 11:37,2023年11月10日 19:03,https://assets.lig.com.tw/ar_asset/8312ygl1zioxjj007f1qzvjw2wzr.png,0, - ,false,1, - , - ,false, - , - 
296,綠能竹東_03_鎮公所,2023年09月16日 09:20,2023年11月13日 00:38,1,https://lig.tw/i_intro_3_C_Green,,3119,RC_綠能竹東_常設展_03鎮公所,2023年11月02日 11:37,2023年11月10日 19:03,https://assets.lig.com.tw/ar_asset/8312ygl1zioxjj007f1qzvjw2wzr.png,0, - ,false,1, - , - ,false, - , - 
297,星竹東,2023年09月16日 09:34,2023年11月13日 00:30,1,https://lig.tw/i_intro_3_constellation,,"3013,3134","RC_星竹東,綠能觀光元宇宙在竹東_常設展活動","2023年09月27日 17:00,2023年11月07日 15:54","2023年10月28日 08:59,2023年11月10日 19:03","https://assets.lig.com.tw/ar_asset/pbeslj79u8psnl5qmus84cepg6y4.jpg,https://assets.lig.com.tw/ar_asset/8312ygl1zioxjj007f1qzvjw2wzr.png","0,0"," - , - ","false,false","1,1"," - , - "," - , - ","false,false"," - , - "," - , - "
298,Henry Demo(940),2023年09月18日 10:46,2023年09月18日 10:46,1, - ,,"2653,2752,2759,2943","光時代辦公室解謎,粽邪第二關解謎,粽邪第三關解謎,【0915拍照用】RC_綠能竹東_中秋節_00樹上","2023年04月10日 13:17,2023年05月29日 13:34,2023年05月31日 15:11,2023年09月15日 13:41","2024年04月08日 11:56,2023年08月01日 09:32,2023年08月01日 09:32,2023年09月17日 14:35"," - , - , - , - ","5,0,0,0"," - , - , - , - ","false,false,false,false","1,1,1,1"," - , - , - , - "," - , - , - , - ","false,false,false,false"," - , - , - , - "," - , - , - , - "
299,彥瑞DEMO(5531),2023年09月27日 15:18,2023年11月26日 08:15,1, - ,,"3335,3370,3371,3373","海安商圈,海安商圈_Eng,海安商圈_JP,海安商圈-地推","2024年01月05日 10:50,2024年01月18日 20:07,2024年01月18日 20:08,2024年01月19日 02:22","2024年01月19日 21:25,2024年01月19日 21:25,2024年01月19日 21:25,2024年01月19日 11:37"," - , - , - , - ","0,0,0,0"," - , - , - , - ","false,false,false,false","1,1,1,1"," - , - , - , - "," - , - , - , - ","false,false,false,false"," - , - , - , - "," - , - , - , - "
300,測試4503,2023年09月27日 19:44,2023年09月27日 19:44,1, - ,,"2374,2909","高雄市經發局,RC_綠能竹東_中秋節_00樹上","2022年11月23日 09:05,2023年09月05日 13:54","2023年12月29日 09:32,2024年05月17日 14:17","https://api.lig.com.tw/ar_asset/2nc7k3w6b96d44ml6kykoz6rszw0.jpeg, - ","0,0"," - , - ","false,true","1,1"," - , - "," - , - ","false,false"," - , - "," - , - "
302,henrydemo(5392),2023年10月13日 09:45,2023年10月13日 09:45,1, - ,,"2653,2858,3010","光時代辦公室解謎,海底世界-綠色方舟館,大稻埕-貨櫃碼頭_萬聖節","2023年04月10日 13:17,2023年08月04日 18:04,2023年09月26日 16:30","2024年04月08日 11:56,2023年12月01日 11:45,2024年01月31日 14:07"," - ,https://api.lig.com.tw/ar_asset/ftsp9q11qkfck0kwt591l2p2pphx.jpg, - ","5,0,0"," - , - , - ","false,false,true","1,1,1"," - , - , - "," - , - , - ","false,false,false"," - , - , - "," - , - , - "
303,大稻埕_迪化街-1店家,2023年10月13日 18:04,2024年02月01日 16:20,1,https://cloud.lig.com.tw/messages/133,,3398,大稻埕_春節_迪化街-1店家(上架),2024年01月31日 15:44,2024年01月31日 15:46, - ,0, - ,true,1, - , - ,false, - , - 
304,大稻埕-地下街Y13出口,2023年10月17日 14:04,2024年02月01日 16:19,1,https://cloud.lig.com.tw/messages/133,,3401,大稻埕_春節_地下街(上架),2024年01月31日 17:42,2024年02月01日 09:58, - ,0, - ,false,1, - , - ,false, - , - 
306,電腦教室2,2023年10月27日 11:21,2024年04月30日 10:32,1, - ,,"3155,3497","電腦教室XR巡禮,電腦教室發現校園ABC","2023年11月14日 07:59,2024年05月16日 14:32","2024年01月17日 10:29,2024年05月16日 14:32"," - , - ","0,0"," - , - ","false,false","1,1"," - , - "," - , - ","false,false"," - , - "," - , - "
307,諾奇(5230),2023年10月29日 13:10,2023年11月03日 14:30,1, - ,,3072,測試綁定場景,2023年10月20日 10:23,2023年10月20日 14:13, - ,0, - ,false,1, - ,"---
main:
  type: basic
  id: bingsin_admin
  pwd: 25d55ad283aa400af464c76d713c07ad
  url: https://www.nksdata.tw/arapi/api.asmx/userLogin
  additionals:
    token: eyJhbGciOiJIUzI1NiIsInR5cCI6IkpXVCJ9
",false, - , - 
308,國圖1,2023年11月10日 10:46,2023年11月10日 10:46,1, - ,,3132,國圖1,2023年11月03日 17:42,2023年11月03日 17:42, - ,0, - ,false,1, - , - ,false, - , - 
309,國圖2,2023年11月10日 11:09,2023年11月10日 11:09,1, - ,,3143,國圖2,2023年11月10日 10:26,2023年11月10日 10:26, - ,0, - ,false,1, - , - ,false, - , - 
310,貨櫃廣場,2023年11月14日 09:48,2023年11月14日 09:48,1, - ,,3126,大稻埕-貨櫃市集前的廣場_資訊球,2023年11月03日 09:20,2023年11月03日 09:46, - ,0, - ,false,1, - , - ,false, - , - 
311,CES2024-Tutk,2023年11月15日 15:32,2024年01月12日 07:44,1, - ,/rails/active_storage/blobs/redirect/eyJfcmFpbHMiOnsibWVzc2FnZSI6IkJBaHBBbzVGIiwiZXhwIjpudWxsLCJwdXIiOiJibG9iX2lkIn19--5539f34006b8e505b9b81bb7270bb7c09f305b27/Screenshot_2023-11-14-10-44-15-955_com.discord.jpg,"3357,3362","CES2024-Tutk-L,CES2024-Tutk-C","2024年01月10日 20:35,2024年01月12日 07:25","2024年01月12日 08:17,2024年01月12日 08:17"," - , - ","0,0"," - , - ","false,false","1,1"," - , - "," - , - ","false,false"," - , - "," - , - "
312,DEMO(5394),2023年11月16日 11:57,2023年11月16日 11:57,1, - ,,3161,光時代辦公室解謎-複製,2023年11月16日 10:53,2024年03月19日 09:35,https://assets.lig.com.tw/ar_asset/2p33qvxfxuhv47jroghdu107um3g.jpg,0, - ,false,1, - , - ,false, - , - 
313,環球購物demo,2023年11月19日 12:35,2023年11月30日 09:19,1, - ,,2647,智慧城市高雄展,2023年03月29日 07:12,2024年04月22日 11:49,https://api.lig.com.tw/ar_asset/bsot9eg1qxe5e862a2l2dtdxdt67.jpg,0, - ,false,1, - , - ,false, - , - 
314,板橋-府中-1,2023年11月28日 15:44,2023年11月28日 15:44,1, - ,,3157,新北0_板橋-1,2023年11月14日 17:21,2023年11月27日 15:01, - ,0, - ,false,1, - , - ,false, - , - 
315,新北市政府-5,2023年11月28日 16:36,2023年11月28日 16:36,1, - ,,3153,新北5_鶯歌,2023年11月13日 14:58,2023年11月13日 14:58, - ,0, - ,false,1, - , - ,false, - , - 
316,HenryDemo(5127),2023年11月28日 21:42,2023年11月28日 21:42,1, - ,,"3224,2574","大稻埕_聖誕節_貨櫃市集-1.2貓(上架),新威旅客中心","2023年12月07日 09:49,2023年02月20日 15:08","2023年12月12日 18:26,2024年04月10日 10:44"," - , - ","0,0"," - , - ","false,false","1,1"," - , - "," - , - ","false,false"," - , - "," - , - "
317,1.1.1-1985,2023年12月14日 11:17,2023年12月14日 11:17,1, - ,,3475,苑里-休息區,2024年04月11日 13:24,2024年04月11日 13:25, - ,0, - ,false,1, - , - ,false, - , - 
318,月津港-月津故事館,2023年12月14日 22:22,2024年02月06日 15:27,1,https://cloud.lig.com.tw/messages/113,,3353,月津港-月津故事館-上架,2024年01月08日 17:15,2024年02月06日 15:21, - ,0, - ,false,1, - , - ,false, - , - 
319,月津港-觀光美食城-3&4,2023年12月14日 22:25,2024年02月06日 15:27,1,https://cloud.lig.com.tw/messages/113,,3349,月津港-觀光美食城-上架,2024年01月08日 14:44,2024年02月06日 15:19, - ,0, - ,false,1, - , - ,false, - , - 
320,月津港-月之美術館(711)-1,2023年12月14日 22:27,2024年02月06日 15:27,1,https://cloud.lig.com.tw/messages/113,,3337,月津港-月之美術館(711)-上架,2024年01月05日 18:14,2024年02月06日 15:17, - ,0, - ,false,1, - , - ,false, - , - 
321,月津港-永成戲院-虛擬展品,2023年12月14日 22:28,2024年02月06日 15:27,1,https://cloud.lig.com.tw/messages/113,,3348,月津港-虛擬展品-上架,2024年01月08日 14:37,2024年02月06日 15:18,https://assets.lig.com.tw/ar_asset/qs7ixexbclb43ih4dau8slhg3two.jpg,0, - ,false,1, - , - ,false, - , - 
322,月津港-永成戲院-5,2023年12月14日 22:28,2024年02月06日 15:26,1,https://cloud.lig.com.tw/messages/113,,3347,月津港-永成戲院-上架,2024年01月08日 14:11,2024年02月06日 15:18, - ,0, - ,false,1, - , - ,false, - , - 
323,月津港-八角樓-2&18,2023年12月14日 22:29,2024年02月06日 15:26,1,https://cloud.lig.com.tw/messages/113,,3355,月津港-八角樓-上架,2024年01月09日 13:55,2024年02月06日 15:22, - ,0, - ,false,1, - , - ,false, - , - 
324,月津港-一銀巷-9＆16,2023年12月14日 22:30,2024年02月06日 15:25,1,https://cloud.lig.com.tw/messages/113,,3352,月津港-一銀巷-上架,2024年01月08日 16:48,2024年02月06日 15:21, - ,0, - ,false,1, - , - ,false, - , - 
325,月津港-造月工坊-8&17,2023年12月14日 22:31,2024年02月06日 15:26,1,https://cloud.lig.com.tw/messages/113,,3351,月津港-造月工訪-上架,2024年01月08日 15:59,2024年02月06日 15:20, - ,0, - ,false,1, - , - ,false, - , - 
326,月津港-赤兔製造所-11&12,2023年12月14日 22:31,2024年02月06日 15:26,1,https://cloud.lig.com.tw/messages/113,,3354,月津港-赤兔製造所-上架,2024年01月09日 11:22,2024年02月06日 15:22, - ,0, - ,false,1, - , - ,false, - , - 
327,月津港-王爺廟-6&14&15,2023年12月14日 22:32,2024年02月06日 15:26,1,https://cloud.lig.com.tw/messages/113,,3356,月津港-王爺巷-上架,2024年01月09日 14:16,2024年02月06日 15:23, - ,0, - ,false,1, - , - ,false, - , - 
328,月津港-大眾廟-7,2023年12月14日 22:32,2024年02月06日 15:25,1,https://cloud.lig.com.tw/messages/113,,3350,月津港-大眾廟-上架,2024年01月08日 15:04,2024年02月06日 15:20, - ,0, - ,false,1, - , - ,false, - , - 
329,月津港-蔡和泉故居-10,2023年12月14日 22:33,2024年02月06日 15:25,1,https://cloud.lig.com.tw/messages/113,,3329,月津港-蔡和泉故居-上架,2024年01月03日 15:29,2024年02月06日 15:16, - ,0, - ,false,1, - , - ,false, - , - 
330,月津港-魚鱗巷-13,2023年12月14日 22:33,2024年02月06日 15:25,1,https://cloud.lig.com.tw/messages/113,,3346,月津港-魚鱗巷-上架,2024年01月08日 13:12,2024年02月06日 15:17, - ,0, - ,false,1, - , - ,false, - , - 
331,環保局-桃園,2023年12月20日 08:53,2023年12月20日 08:53,1, - ,,3302,桃園龜山檢測站,2023年12月21日 19:59,2023年12月21日 21:29, - ,0, - ,false,1, - , - ,false, - , - 
332,鴻海DEMO(2008),2023年12月20日 15:26,2023年12月24日 08:52,1,https://icivet.foxconn.com,,"3277,1660,1934","FOXCONN-DEFAULT,數位轉型政策白皮書,擁恆_豬哥亮","2023年12月18日 15:47,2021年12月15日 09:28,2022年04月12日 13:09","2023年12月27日 11:23,2024年04月08日 11:58,2024年04月08日 11:55"," - ,https://api.lig.com.tw/ar_asset/sg5ibvosc55cjmjj9g3bwaxhdmv3.png,https://api.lig.com.tw/ar_asset/9x4ep2rv0hgf9nu5pdhoow3oecvq.png","0,12,4"," - , - , - ","false,false,false","1,1,1"," - , - , - "," - , - , - ","false,false,false"," - , - , - "," - , - , - "
333,上聯車展K區,2023年12月27日 13:50,2023年12月27日 13:50,1, - ,,"3272,3294,3295,3296,3298,3299,3300","AR尋寶探險 & 新能源車QA問題,AR路線引導至品牌車展位 (HINO、OPEL、NISSAN、LUXGEN),AR路線引導至品牌車展位 (SUZUKI、Lexus、SsangYong、TOYOTA),AR路線引導至品牌車展位 (INFINITI、Aston Martin、BENTLEY),AR路線引導至品牌車展位 (SUBARU、INEOS Grenadier、McLaren),AR路線引導至品牌車展位 (Lamborghini、LOTUS、Porsche),AR路線引導至品牌車展位 (TESLA、Harley-Davidson、Vespa、BMW、MINI)","2023年12月17日 20:11,2023年12月21日 13:53,2023年12月21日 14:29,2023年12月21日 14:48,2023年12月21日 15:33,2023年12月21日 15:54,2023年12月21日 16:09","2023年12月27日 20:10,2023年12月28日 10:38,2023年12月27日 20:13,2023年12月27日 20:14,2023年12月27日 20:14,2023年12月27日 20:15,2023年12月27日 20:11","https://assets.lig.com.tw/ar_asset/mjqrtd4yjnqlgvssc11o30rwu9md.png,https://assets.lig.com.tw/ar_asset/qu0du5g7p0tpjqg38krulatqr8yz.png,https://assets.lig.com.tw/ar_asset/lqi9be9o7blpboozqc0qf38rrak5.png,https://assets.lig.com.tw/ar_asset/jwtyj6dckhrx69ki3fyu0lfj1oc1.png,https://assets.lig.com.tw/ar_asset/ptywepa0ey1ss6d8hzv9xkknro4y.png,https://assets.lig.com.tw/ar_asset/qkhdjhlxmc3sz41tc0wa3ulaaaqm.png,https://assets.lig.com.tw/ar_asset/54oj7y0zi2he65xhnqll4rg8m6t0.png","0,0,0,0,0,0,0"," - , - , - , - , - , - , - ","false,false,false,false,false,false,false","1,1,1,1,1,1,1"," - , - , - , - , - , - , - "," - , - , - , - , - , - , - ","false,false,false,false,false,false,false"," - , - , - , - , - , - , - "," - , - , - , - , - , - , - "
334,小貓-960,2023年12月27日 14:46,2023年12月27日 14:46,1, - ,,3455,2024台北智慧城市展,2024年03月18日 04:11,2024年03月19日 09:14,https://assets.lig.com.tw/ar_asset/3h1roochtpbivhcw0f0tyzkcmy78.jpeg,0, - ,false,1, - , - ,false, - , - 
335,上聯車展J區,2023年12月27日 15:02,2023年12月27日 15:02,1, - ,,"3270,3285,3289,3290,3291,3292,3293","AR尋寶探險 & 新能源車QA問題,AR路線引導至品牌車展位 (HINO、OPEL、NISSAN、LUXGEN),AR路線引導至品牌車展位 (SUZUKI、Lexus、SsangYong、TOYOTA),AR路線引導至品牌車展位 (INFINITI、Aston Martin、BENTLEY),AR路線引導至品牌車展位 (SUBARU、INEOS Grenadier、McLaren),AR路線引導至品牌車展位 (Lamborghini、LOTUS、Porsche),AR路線引導至品牌車展位 (TESLA、Harley-Davidson、Vespa、BMW、MINI)","2023年12月17日 20:10,2023年12月20日 14:44,2023年12月21日 13:28,2023年12月21日 13:28,2023年12月21日 13:52,2023年12月21日 13:52,2023年12月21日 13:52","2023年12月27日 20:10,2023年12月28日 10:38,2023年12月27日 20:14,2023年12月27日 20:14,2023年12月27日 20:14,2023年12月27日 20:15,2023年12月27日 20:11","https://assets.lig.com.tw/ar_asset/mjqrtd4yjnqlgvssc11o30rwu9md.png,https://assets.lig.com.tw/ar_asset/qu0du5g7p0tpjqg38krulatqr8yz.png,https://assets.lig.com.tw/ar_asset/lqi9be9o7blpboozqc0qf38rrak5.png,https://assets.lig.com.tw/ar_asset/jwtyj6dckhrx69ki3fyu0lfj1oc1.png,https://assets.lig.com.tw/ar_asset/ptywepa0ey1ss6d8hzv9xkknro4y.png,https://assets.lig.com.tw/ar_asset/qkhdjhlxmc3sz41tc0wa3ulaaaqm.png,https://assets.lig.com.tw/ar_asset/54oj7y0zi2he65xhnqll4rg8m6t0.png","0,0,0,0,0,0,0"," - , - , - , - , - , - , - ","false,false,false,false,false,false,false","1,1,1,1,1,1,1"," - , - , - , - , - , - , - "," - , - , - , - , - , - , - ","false,false,false,false,false,false,false"," - , - , - , - , - , - , - "," - , - , - , - , - , - , - "
336,上聯車展服務區,2023年12月27日 15:47,2023年12月27日 15:47,1, - ,,3264,上聯車展正式-服務區-AC模式,2023年12月15日 16:27,2023年12月22日 16:59, - ,0, - ,false,1, - , - ,false, - , - 
337,上聯車展-展場中間左,2023年12月27日 15:48,2023年12月27日 15:48,1, - ,,3276,上聯車展正式-展場中間左-AC模式,2023年12月18日 15:04,2023年12月22日 16:58, - ,0, - ,false,1, - , - ,false, - , - 
338,上聯車展-展場中間右,2023年12月27日 15:50,2023年12月27日 15:50,1, - ,,3275,上聯車展正式-展場中間右-AC模式,2023年12月18日 10:31,2023年12月22日 16:58, - ,0, - ,false,1, - , - ,false, - , - 
339,海安商圈,2024年01月05日 15:52,2024年01月05日 15:52,1, - ,,"3335,3396,3408","海安商圈,att,att_v2","2024年01月05日 10:50,2024年01月31日 10:05,2024年02月16日 09:56","2024年01月19日 21:25,2024年02月01日 14:11,2024年02月16日 10:12"," - , - , - ","0,0,0"," - , - , - ","false,false,false","1,1,1"," - , - , - "," - , - , - ","false,false,false"," - , - , - "," - , - , - "
340,CES2024-HARTi,2024年01月11日 12:09,2024年01月11日 12:09,1, - ,,3358,CES2024-HARTi,2024年01月11日 11:17,2024年01月11日 11:17, - ,0, - ,false,1, - , - ,false, - , - 
341,henrydemo(5414),2024年01月11日 16:41,2024年01月11日 16:41,1, - ,,"1511,2925,2738,2575,3388,3412","亞灣新創園,國圖-B,粽邪第四關解謎,新威旅客中心-1F,大稻埕_春節_貨櫃市集-1.2貓(上架),動作：呼叫 AI 客服","2021年09月30日 17:39,2023年09月11日 14:33,2023年05月17日 14:56,2023年02月20日 15:12,2024年01月25日 17:47,2024年02月19日 11:41","2024年03月26日 15:51,2023年09月11日 23:54,2023年07月10日 08:59,2023年12月21日 09:52,2024年01月29日 16:54,2024年02月19日 11:41","https://api.lig.com.tw/ar_asset/hls3lvues7xev5wn3oxohm69t4fj.png, - , - , - , - , - ","0,0,0,0,0,0"," - , - , - , - , - , - ","false,false,false,false,false,false","1,1,1,1,1,1"," - , - , - , - , - , - "," - , - , - , - , - , - ","false,false,false,false,false,false"," - , - , - , - , - , - "," - , - , - , - , - , - "
342,台北國際旅展,2024年01月12日 08:17,2024年06月03日 08:05,1, - ,,3488,旅展場景,2024年04月26日 18:20,2024年05月28日 18:18, - ,0, - ,false,1, - , - ,false, - , - 
343,佛光山的恐龍,2024年01月16日 15:39,2024年01月16日 15:39,1, - ,,3366,恐龍 佛光山,2024年01月16日 15:38,2024年01月16日 15:39, - ,0, - ,false,1, - , - ,false, - , - 
344,海安商圈-地推,2024年01月19日 02:19,2024年01月19日 02:19,1, - ,,3373,海安商圈-地推,2024年01月19日 02:22,2024年01月19日 11:37, - ,0, - ,false,1, - , - ,false, - , - 
345,觀光工廠-富樂夢,2024年01月19日 13:07,2024年01月26日 14:24,1,https://cloud.lig.com.tw/messages/130,,3376,觀光工廠-富樂夢,2024年01月19日 14:09,2024年01月25日 09:55, - ,0, - ,false,1, - , - ,false, - , - 
346,觀光工廠-滷博館,2024年01月19日 14:36,2024年01月26日 14:23,1,https://cloud.lig.com.tw/messages/130,,3375,觀光工廠-滷博館,2024年01月19日 12:51,2024年01月24日 18:37, - ,0, - ,false,1, - , - ,false, - , - 
347,觀光工廠-彪琥,2024年01月24日 10:37,2024年01月26日 14:23,1,https://cloud.lig.com.tw/messages/130,,3380,觀光工廠-彪琥 高雄民族店,2024年01月20日 10:54,2024年01月24日 18:07, - ,0, - ,false,1, - , - ,false, - , - 
349,觀光工廠-宏裕行花枝丸,2024年01月24日 10:37,2024年01月26日 14:23,1,https://cloud.lig.com.tw/messages/130,,3379,觀光工廠-宏裕行花枝丸,2024年01月20日 10:26,2024年01月25日 10:57, - ,0, - ,false,1, - , - ,false, - , - 
351,觀光工廠-裕賀牛,2024年01月24日 10:43,2024年01月26日 14:23,1,https://cloud.lig.com.tw/messages/130,,3377,觀光工廠-裕賀牛,2024年01月19日 14:10,2024年01月25日 09:54, - ,0, - ,false,1, - , - ,false, - , - 
352,GermanyDemo,2024年02月04日 17:30,2024年02月04日 17:30,1, - ,,3344,German Zimmer,2024年01月06日 23:02,2024年04月11日 17:40, - ,0, - ,false,1, - , - ,false, - , - 
353,HenryDemo(5664),2024年03月19日 23:03,2024年03月19日 23:03,1, - ,,"3475,3488,3460","苑里-休息區,旅展場景,直播間-測試","2024年04月11日 13:24,2024年04月26日 18:20,2024年03月21日 14:41","2024年04月11日 13:25,2024年05月28日 18:18,2024年03月25日 16:29"," - , - , - ","0,0,0"," - , - , - ","false,false,false","1,1,1"," - , - , - "," - , - , - ","false,false,true"," - , - ,場景-3460-直播間-測試"," - , - , - "
354,苑里-休息區,2024年04月12日 13:39,2024年04月12日 13:39,1, - ,,3475,苑里-休息區,2024年04月11日 13:24,2024年04月11日 13:25, - ,0, - ,false,1, - , - ,false, - , - 
355,苑里-門口,2024年04月12日 14:23,2024年04月12日 14:23,1, - ,,3478,苑里-門口,2024年04月12日 10:58,2024年04月19日 15:39, - ,0, - ,false,1, - , - ,false, - , - 
356,國亮的貓,2024年04月15日 19:05,2024年04月15日 19:05,1, - ,,3477,茂林DEMO,2024年04月11日 14:27,2024年04月11日 14:27, - ,0, - ,false,1, - , - ,false, - , - 
357,Joysound,2024年04月22日 13:42,2024年04月22日 13:42,1, - ,,3482,MIYASHITA PARK,2024年04月23日 15:19,2024年04月23日 15:19, - ,0, - ,false,1, - , - ,false, - , - 
358,Office-plain-Time,2024年05月15日 22:53,2024年05月15日 22:53,1, - ,,3488,旅展場景,2024年04月26日 18:20,2024年05月28日 18:18, - ,0, - ,false,1, - , - ,false, - , - 
359,SusHi Tech,2024年05月16日 16:20,2024年05月16日 16:20,1, - ,,3489,SusHi Tech,2024年05月05日 16:12,2024年05月16日 12:08,https://api.lig.com.tw/ar_asset/bsot9eg1qxe5e862a2l2dtdxdt67.jpg,0, - ,false,1, - , - ,false, - , - 
360,2024台北智慧城市展,2024年05月17日 15:16,2024年05月17日 15:16,1, - ,,"3455,3475","2024台北智慧城市展,苑里-休息區","2024年03月18日 04:11,2024年04月11日 13:24","2024年03月19日 09:14,2024年04月11日 13:25","https://assets.lig.com.tw/ar_asset/3h1roochtpbivhcw0f0tyzkcmy78.jpeg, - ","0,0"," - , - ","false,false","1,1"," - , - "," - , - ","false,false"," - , - "," - , - "
